"video_id","trending_date","title","channel_title","category_id","category","publish_date","publish_time","tags","views","likes","dislikes","comment_count","thumbnail_link","comments_disabled","ratings_disabled","video_error_or_removed","description","country"
"9mQk7Evt6Vs","2018-06-07","[MV] (G)I-DLE ((여자)아이들) _ LATATA","1theK (원더케이)",10,"Music","2018-05-02","09:00:02","Kpop|""1theK""|""원더케이""|""loen""|""로엔""|""뮤비""|""티져""|""MV""|""Teaser""|""신곡""|""new""|""song""|""한류""|""hallyu""|""ロエン""|""ミュージック""|""ミュージックビデオ""|""ケーポップ""|""韓国の歌""|""アイドル""|""韓流""|""韓国""|""아이돌""|""idol""|""(여자)아이들""|""아이들""|""LATATA""|""(G)I-DLE""",19366458,524049,14028,39356,"https://i.ytimg.com/vi/9mQk7Evt6Vs/default.jpg",False,False,False,"[MV] (G)I-DLE ((여자)아이들) _ LATATA *English subtitles are now available. :D(Please click on 'CC' button or activate 'Interactive Transcript' function)[Notice] 1theK YouTube is also an official channel for the MV, and music shows will count the views from this channel too.[공지] 1theK YouTube는 MV를 유통하는 공식 채널로, 1theK에 업로드된 MV 조회수 또한 음악방송 순위에 반영됩니다.:: iTunes : https://itunes.apple.com/album/i-am-ep/1378887583?l=ko&ls=1&app=itunes▶1theK FB  : http://www.facebook.com/1theK▶1theK TW : https://twitter.com/1theK▶1theK Kakao : https://goo.gl/otRpZc","GB"
"_XyBa8QsVQU","2018-05-17","[MV] GFRIEND(여자친구) _ Time for the moon night(밤)","1theK (원더케이)",10,"Music","2018-04-30","09:00:03","Kpop|""1theK""|""원더케이""|""loen""|""로엔""|""뮤비""|""티져""|""MV""|""Teaser""|""신곡""|""new""|""song""|""한류""|""hallyu""|""ロエン""|""ミュージック""|""ミュージックビデオ""|""ケーポップ""|""韓国の歌""|""アイドル""|""韓流""|""韓国""|""아이돌""|""idol""|""GFRIEND""|""여자친구""|""Time for the moon night""|""밤""",19121908,284093,10177,72171,"https://i.ytimg.com/vi/_XyBa8QsVQU/default.jpg",False,False,False,"[MV] GFRIEND(여자친구) _ Time for the moon night(밤)*English subtitles are now available. :D(Please click on 'CC' button or activate 'Interactive Transcript' function)[Notice] 1theK YouTube is also an official channel for the MV, and music shows will count the views from this channel too.[공지] 1theK YouTube는 MV를 유통하는 공식 채널로, 1theK에 업로드된 MV 조회수 또한 음악방송 순위에 반영됩니다.:: iTunes : https://itunes.apple.com/album/%EC%97%AC%EC%9E%90%EC%B9%9C%EA%B5%AC-gfriend-the-6th-mini-album-time-for-the-moon-night/1378209147?l=ko&ls=1&app=itunes▶1theK FB  : http://www.facebook.com/1theK▶1theK TW : https://twitter.com/1theK▶1theK Kakao : https://goo.gl/otRpZc","GB"
"oddXT5uaRb8","2017-11-21","[MV] Samuel(사무엘) _ Candy(캔디)","1theK (원더케이)",10,"Music","2017-11-16","09:00:02","Kpop|""1theK""|""원더케이""|""loen""|""로엔""|""뮤비""|""티져""|""MV""|""Teaser""|""신곡""|""new""|""song""|""한류""|""hallyu""|""ロエン""|""ミュージック""|""ミュージックビデオ""|""ケーポップ""|""韓国の歌""|""アイドル""|""韓流""|""韓国""|""아이돌""|""idol""|""Samuel""|""사무엘""|""Candy""|""캔디""|""프로듀스 101""|""용감한형제""|""무엘이""|""사무엘 신곡""|""사무엘 컴백""",1508950,181682,2062,9854,"https://i.ytimg.com/vi/oddXT5uaRb8/default.jpg",False,False,False,"[MV] Samuel(사무엘) _ Candy(캔디)  ***** Hello, this is 1theK. We are working on subtitles now! Please come back and watch it again within a few hours. Thank you for your waiting and continuing interest :) *****  [Notice] 1theK YouTube is also an official channel for the MV, and music shows will count the views from this channel too. [공지] 1theK YouTube는 MV를 유통하는 공식 채널로, 1theK에 업로드된 MV 조회수 또한 음악방송 순위에 반영됩니다.  :: Get the new album on : smarturl.it/samuel.eyecandy  [ Samuel ]   Samuel came back with his first regular album ‘EYE CANDY’ in three months after the boyish debut album ‘SIXTEEN’. Returning in a more boyish style, Samuel released the title track ‘Candy’ with the new jack swing-based arrangement of the 1990s. Particularly, a special artist, producer D.O, participated in ‘Talkbox’ of the title track ‘Candy’. The second collaboration between Brave Brother and D.O is raising expectations.   #1theK#원더케이#Newrelease#Samuel#사무엘#캔디#Candy  ▶1theK FB  : http://www.facebook.com/1theK ▶1theK TW : https://twitter.com/1theK ▶1theK Kakao : https://goo.gl/otRpZc  [ 사무엘 ]  ‘사무엘(Samuel)’ 의 데뷔앨범 [SIXTEEN]에서 소년다운 모습을 보여준 ‘사무엘(Samuel)’ 이 3개월 만에 정규 1집 [EYE CANDY]으로 돌아왔다. 더욱더 소년다운 느낌으로 돌아온 ‘사무엘’의 타이틀곡 '캔디'는 1990년대를 풍미한 뉴잭스윙 장르 기반의 편곡이 인상적인 곡이다. 특히 이번 타이틀곡 ‘캔디’에는 특별한 아티스트가 참여하였는데 바로 프로듀서 '이현도(D.O)'의 ‘Talkbox’ 참여가 눈길을 이끈다. ‘용감한 형제’ 와 ‘이현도(D.O)’의 또 한 번의 호흡이 기대를 모은다.","GB"
"X9VlCV1ZflQ","2017-11-17","[MV] SONAMOO(소나무) _ I (knew it)","1theK (원더케이)",10,"Music","2017-11-06","09:00:01","Kpop|""1theK""|""원더케이""|""loen""|""로엔""|""뮤비""|""티져""|""MV""|""Teaser""|""신곡""|""new""|""song""|""한류""|""hallyu""|""ロエン""|""ミュージック""|""ミュージックビデオ""|""ケーポップ""|""韓国の歌""|""アイドル""|""韓流""|""韓国""|""아이돌""|""idol""|""SONAMOO""|""소나무""|""knew it""|""하이디""|""수민""|""의진""|""디애나""|""민재""|""뉴썬""|""High.D""|""SuMin""|""Min Jae""|""D.ana""|""Na Hyun""|""Eui Jin""|""New Sun""|""옆집소녀""|""Deep blue eyes""|""TS""|""티에스""|""B.A.P""|""TRCNG""",720322,22986,314,2134,"https://i.ytimg.com/vi/X9VlCV1ZflQ/default.jpg",False,False,False,"[MV] SONAMOO(소나무) _ I (knew it)  *English subtitles are now available.    (Please click on 'CC' button or activate 'Interactive Transcript' function)    [Notice] 1theK YouTube is also an official channel for the MV, and music shows will count the views from this channel too. [공지] 1theK YouTube는 MV를 유통하는 공식 채널로, 1theK에 업로드된 MV 조회수 또한 음악방송 순위에 반영됩니다.    [ SONAMOO]  The second ‘HAPPY BOX’ of SONAMOO is OPEN!  SONAMOO, who showed their funky and sophisticated appeal with the retro pop dance song ‘Friday Night’ in their first HAPPY BOX, returns with 'HAPPY BOX PART.2' The second HAPPY BOX completed a story like a movie with the fusion style intro song ‘Prequel’ that combined the cool future base genre and cheerful tango melody and the title track ‘I (knew it)’ that has a dual meaning of ‘I’ and ‘baby’ who is crying inside of myself.    :: iTunes : https://itunes.apple.com/album/happy-box-pt-2-single/id1308184052?l=ko&ls=1&app=itunes  #1theK#원더케이#Newrelease#소나무#SONAMOO#I#아이#Knewit   ▶1theK FB  : http://www.facebook.com/1theK ▶1theK TW : https://twitter.com/1theK ▶1theK Kakao : https://goo.gl/otRpZc  [ 소나무 ]  소나무의 두 번째 'HAPPY BOX' OPEN! 첫 번째 해피박스에서 레트로 팝 댄스곡 '금요일밤'으로 펑키하고 세련된 매력을 보여줬던 소나무가 'HAPPY BOX PART.2'로 돌아왔다. 두 번째 해피박스는 세련된 퓨처베이스 장르와 경쾌한 탱고 선율을 접목한 퓨전 스타일의 인트로곡 'Prequel'과 나를 뜻하는 'I'와 내 안에 울고 있는 '아이'라는 중의적인 의미를 담고 있는 타이틀곡 'I (knew it)'를 수록하여 한 편의 영화 같은 스토리텔링을 완성했다.","GB"
"tz23WFb8HM0","2017-12-04","[MV] KARD _ You In Me","1theK (원더케이)",10,"Music","2017-11-21","09:00:02","Kpop|""1theK""|""원더케이""|""loen""|""로엔""|""뮤비""|""티져""|""MV""|""Teaser""|""신곡""|""new""|""song""|""한류""|""hallyu""|""ロエン""|""ミュージック""|""ミュージックビデオ""|""ケーポップ""|""韓国の歌""|""アイドル""|""韓流""|""韓国""|""아이돌""|""idol""|""KARD""|""You In Me""|""비엠""|""제이셉""|""전소민""|""전지우""|""BM""|""Jseph""|""somin""|""Jiwoo""",4584309,317396,3426,16793,"https://i.ytimg.com/vi/tz23WFb8HM0/default.jpg",False,False,False,"[MV] KARD _ You In Me  *English subtitles are now available.    (Please click on 'CC' button or activate 'Interactive Transcript' function)    [Notice] 1theK YouTube is also an official channel for the MV, and music shows will count the views from this channel too. [공지] 1theK YouTube는 MV를 유통하는 공식 채널로, 1theK에 업로드된 MV 조회수 또한 음악방송 순위에 반영됩니다.  :: Get the new album on : smarturl.it/kard.youandme   [ KARD ]   KARD came back with a deeper sensibility after successfully completing its world tour in 25 cities of 13 countries in three months after its debut in July with the debut album [Hola Hola].     The title track ‘You In Me’ is an EDM song with the strong synth and FX sounds on the tropical house style intense drum sounds. The cold voice on the heavy piano sounds on the Break beat, explosive rap and the perfect contrast between the female and male voices at the climax are all in harmony. It described the story of a tragic ending of an extreme love including obsession of distorted love, the climax of emotions and the wrong way of expressing love.    #KARD#YouInMe#카드#1theK#원더케이#Newrelease  ▶1theK FB  : http://www.facebook.com/1theK ▶1theK TW : https://twitter.com/1theK ▶1theK Kakao : https://goo.gl/otRpZc  [ KARD ]   지난 7월 데뷔 앨범 [Hola Hola]를 발표, 데뷔 3개월 만에 13개국 25개 도시에서 월드투어를 성공적으로 마친 KARD가 더욱 깊어진 감성으로 돌아왔다.   타이틀곡 ‘You In Me’는 트로피칼 하우스 스타일의 펀치감있는 드럼 위로 강렬한 신스와 FX가 돋보이는 EDM곡으로 Break비트 위 무거운 피아노에 차가운 보컬,격정적인 랩과 클라이막스에 여성과 남성 보컬의 완벽한 대조. 이후 결국 하나로 어우러지는 보컬이 매력적인 곡이다. 변질된 사랑으로 인한 집착과 감정의 절정. 잘못된 방식의 사랑 표현 등 너무나도 사랑한 나머지 비극적 결말을 맞게 되는 이야기를 이번 트랙에 담아냈다.","GB"
"uexk7jWXYmU","2018-02-07","[MV] JBJ _ My Flower (꽃이야)","1theK (원더케이)",10,"Music","2018-01-17","09:00:07","Kpop|""1theK""|""원더케이""|""loen""|""로엔""|""뮤비""|""티져""|""MV""|""Teaser""|""신곡""|""new""|""song""|""한류""|""hallyu""|""ロエン""|""ミュージック""|""ミュージックビデオ""|""ケーポップ""|""韓国の歌""|""アイドル""|""韓流""|""韓国""|""아이돌""|""idol""|""꽃이야""|""My Flower""|""JBJ""|""노태현""|""켄타""|""김상균""|""김용국""|""권현빈""|""김동한""|""프로듀스 101""|""Produce 101""|""제이비제이""|""제비제""",6503316,278072,1804,17767,"https://i.ytimg.com/vi/uexk7jWXYmU/default.jpg",False,False,False,"[MV] JBJ _ My Flower (꽃이야)  *English subtitles are now available.    (Please click on 'CC' button or activate 'Interactive Transcript' function)    [Notice] 1theK YouTube is also an official channel for the MV, and music shows will count the views from this channel too.  :: iTunes : https://itunes.apple.com/album/true-colors-ep/1336410226?l=ko&ls=1&app=itunes  [ JBJ ]  JBJ was in full bloom as ‘a very desirable combination’ and became a reality from fantasy in response to the calls from fans. Now, JBJ came back with its second mini album [True Colors] to show each member’s real self.    The title track ‘My Flower’ is a New Pop Track with a new concept that starts with a sensitive piano melody and is finished with a Raggaeton hook in the refrain. Double Sidekick, EASTWEST and Bull$EyE created this song together only for JBJ to show JBJ’s unique fresh feel.    #JBJ#MyFlower#꽃이야#Newrelease#MV#1theK#원더케이  ▶1theK FB  : http://www.facebook.com/1theK ▶1theK TW : https://twitter.com/1theK ▶1theK Kakao : https://goo.gl/otRpZc","GB"
"Ks6I2rtI4ms","2018-05-10","[MV] JBJ _ Call Your Name(부를게)","1theK (원더케이)",10,"Music","2018-04-17","09:00:01","Kpop|""1theK""|""원더케이""|""loen""|""로엔""|""뮤비""|""티져""|""MV""|""Teaser""|""신곡""|""new""|""song""|""한류""|""hallyu""|""ロエン""|""ミュージック""|""ミュージックビデオ""|""ケーポップ""|""韓国の歌""|""アイドル""|""韓流""|""韓国""|""아이돌""|""idol""|""JBJ""|""Call Your Name""|""부를게""|""제이비제이""",3598569,239661,1080,22002,"https://i.ytimg.com/vi/Ks6I2rtI4ms/default.jpg",False,False,False,"[MV] JBJ _ Call Your Name(부를게)*English subtitles are now available.   (Please click on 'CC' button or activate 'Interactive Transcript' function)  [Notice] 1theK YouTube is also an official channel for the MV, and music shows will count the views from this channel too.:: iTunes : https://itunes.apple.com/album/new-moon/1373160437?l=ko&ls=1&app=itunes[JBJ]JBJ’s Deluxe Edition ‘NEW MOON’ will be released after the glorious time in happiness thanks to the love of fans for the past seven months. The new album added three new songs to 13 songs in the existing albums ‘FANTASY’ and ‘True Colors’, making it 16 tracks in total. The album will show the real sides of the members as they’re realized after being summoned by the fans and provide the trace of JBJ who will make a new start. #JBJ#Call_Your_Name#부를게#Newrelease#MV#1theK#원더케이▶1theK FB  : http://www.facebook.com/1theK▶1theK TW : https://twitter.com/1theK▶1theK Kakao : https://goo.gl/otRpZc","GB"
"Cd8UxUlqaZ8","2017-12-29","[MV] B.A.P _ HANDS UP","1theK (원더케이)",10,"Music","2017-12-13","09:00:01","Kpop|""1theK""|""원더케이""|""loen""|""로엔""|""뮤비""|""티져""|""MV""|""Teaser""|""신곡""|""new""|""song""|""한류""|""hallyu""|""ロエン""|""ミュージック""|""ミュージックビデオ""|""ケーポップ""|""韓国の歌""|""アイドル""|""韓流""|""韓国""|""아이돌""|""idol""|""B.A.P""|""HANDS UP""|""비에이피""|""밥돌이들""|""방용국""|""젤로""|""Zelo""|""Bang youngguk""",1408369,146503,591,11442,"https://i.ytimg.com/vi/Cd8UxUlqaZ8/default.jpg",False,False,False,"[MV] B.A.P _ HANDS UP  *English subtitles are now available.    (Please click on 'CC' button or activate 'Interactive Transcript' function)    [Notice] 1theK YouTube is also an official channel for the MV, and music shows will count the views from this channel too. [공지] 1theK YouTube는 MV를 유통하는 공식 채널로, 1theK에 업로드된 MV 조회수 또한 음악방송 순위에 반영됩니다.  :: iTunes : https://itunes.apple.com/album/b-a-p-8th-single-album-ego-single/1324949085?l=ko&ls=1&app=itunes  [B.A.P] B.A.P’s eight single album ‘EGO’ was created based on the idea that B.A.P returns to itself after reaching its peak of rough and strong images. The title track ‘HANDS UP’ is an electronic hip hop number to deliver the message of finding ‘myself’ out of the prejudice that locks me up.   #B_A_P#비에이피#HANDS_UP#Newrelease#MV#1theK#원더케이  ▶1theK FB  : http://www.facebook.com/1theK ▶1theK TW : https://twitter.com/1theK ▶1theK Kakao : https://goo.gl/otRpZc  [비에이피] '자아'라는 키워드로 시작된 B.A.P의 여덟 번째 싱글 앨범 'EGO'는 거칠고 강렬한 이미지의 정점을 찍었던 B.A.P가 다시 한번 본연의 모습으로 회귀한다는 의미로 제작되었다. 타이틀곡 ‘HANDS UP’은 자신을 가두는 편견에서 벗어나 있는 그대로의 ‘나'를 찾아 나가자는 메세지를 담은 일렉트로닉 힙합 넘버이다.","GB"
"S10azlzvS_8","2018-01-17","[MV] MAMAMOO (마마무) _ Paint Me (칠해줘)","1theK (원더케이)",10,"Music","2018-01-04","09:00:05","Kpop|""1theK""|""원더케이""|""loen""|""로엔""|""뮤비""|""티져""|""MV""|""Teaser""|""신곡""|""new""|""song""|""한류""|""hallyu""|""ロエン""|""ミュージック""|""ミュージックビデオ""|""ケーポップ""|""韓国の歌""|""アイドル""|""韓流""|""韓国""|""아이돌""|""idol""|""MAMAMOO""|""Paint Me""|""마마무""|""칠해줘""|""솔라""|""문별""|""화사""|""휘인""|""Solar""|""MoonByul""|""MoonStar""|""문스타""|""Hwasa""|""Hwiin""|""김용선""|""마마무신곡""",2712840,151050,2047,12162,"https://i.ytimg.com/vi/S10azlzvS_8/default.jpg",False,False,False,"[MV] MAMAMOO (마마무) _ Paint Me (칠해줘)   *English subtitles are now available.    (Please click on 'CC' button or activate 'Interactive Transcript' function)    [Notice] 1theK YouTube is also an official channel for the MV, and music shows will count the views from this channel too. [공지] 1theK YouTube는 MV를 유통하는 공식 채널로, 1theK에 업로드된 MV 조회수 또한 음악방송 순위에 반영됩니다.  :: iTunes : https://itunes.apple.com/album/%EC%B9%A0%ED%95%B4%EC%A4%98-paint-me-single/1331388375?l=ko&ls=1&app=itunes  [MAMAMOO]  One of the strongest girls’ groups both in name and reality, MAMAMOO, started to make a sketch to paint the new year of 2018 with their own colors.   The newly released song ‘Paint Me’ has the picturesque lyrics that compared the excitement and warmth of love, the pain of cold breakups and the passionate emotions that get hotter with four colors of white, yellow, blue and red. Despite the controlled session configuration, a combination of the abundant ambience, the melodies of the main piano that keep the balance of the song, the guitar sounds that lead the song by building tension in the song and the string sounds at the latter half of the song created the music in a magnificent scale like the OST of a blockbuster movie.       #MAMAMOO#마마무#Paint_Me#칠해줘#Newrelease#MV#원더케이#1theK  ▶1theK FB  : http://www.facebook.com/1theK ▶1theK TW : https://twitter.com/1theK ▶1theK Kakao : https://goo.gl/otRpZc","GB"
"900X9fDFLc4","2018-02-07","청하 (CHUNGHA) - Roller Coaster MV","CJENMMUSIC Official",10,"Music","2018-01-17","09:00:01","CJ E&M|""CJENM""|""CJENMMUSIC""|""K-CULTURE""|""korean Music""|""MV""|""Music Video""|""K-Pop""|""Kpop""|""뮤비""|""뮤직비디오""|""청하""|""CHUNGHA""|""Roller Coaster""|""롤러코스터""|""프로듀스101""|""프듀101""|""아이오아이""|""i.o.i""|""전소미""|""김세정""|""최유정""|""김청하""|""김소혜""|""주결경""|""정채연""|""김도연""|""강미나""|""임나영""|""유연정""|""세정""|""SEJEONG""|""구구단""|""gugudan""|""위키미키""|""결경""|""PRISTIN""|""프리스틴""|""다이아""|""DIA""|""YEONJUNG""|""연정""",5855069,171218,2491,8157,"https://i.ytimg.com/vi/900X9fDFLc4/default.jpg",False,False,False,"♬ Available on iTunes, Apple Music : https://apple.co/2Dk2g1E      Listen on Spotify : http://spoti.fi/2Dyw22A  청하 2nd Mini Album [Offset]  지난 여름 ‘Why Don’t You Know’를 통해 솔로 아티스트로 성공적인 시작을 알린 청하가 두 번째 미니앨범 'Offset'으로 돌아왔다.  이번 앨범에는 청하의 무대 아래서의 자연스러운 일상(off)과 무대 위 화려한 모습(set), 이 두 가지 주제가 음악, 영상, 사진, 안무 이 모든 콘텐츠에 합쳐지고 상쇄(offset) 하여 청하가 가지고 있는 본연의 다양한 매력을 오롯이 담아냈다.  가요계 대표 ‘히트곡 제조기’ 블랙아이드필승이 프로듀싱한 타이틀곡 ‘롤러코스터(Roller Coaster)’는 90년대 특유의 감성이 느껴지는 바이브와 현대적으로 재해석된 투스텝 리듬을 조화롭게 재단한 곡이다. 청량하게 울려 퍼지는 인트로부터 청하의 매력적인 애드리브 섹션까지 리스너들에게 짜릿함을 선사할 예정이다.  Imagine, temperature up just for emotions. offset!   Album Review  2. Roller Coaster  블랙아이드필승이 결성 이래 처음으로 프로듀싱 한 여성 솔로 곡이다. 컨템포러리 R&B 장르의 황금기인 90년대 특유의 바이브와 현대적으로 재해석된 투스텝 리듬을 조화롭게 재단하여 청하를 위한 새로운 트랙이 만들어졌다. 누군가와 사랑에 빠졌을 때 너무나 달콤하지만 가끔은 아찔하고 위험한 기분을 느끼는 현재 상황을 롤러코스터에 비유하여 표현하였다. 이 곡은 데모에서부터 앨범을 위해 마스터로 프레싱 되기까지 총 6개월이란 시간이 걸렸는데 그만큼 곡 안에서 표현되는 감정, 가사, 멜로디, 편곡 등 이 모든 것들이 세세하게 다듬어지고 재배치되어 완벽하게 완성되었다. 청량하게 울려 퍼지는 인트로에서부터 마지막 청하의 매력적인 애드리브 섹션까지 놓칠 수 없는 짜릿한 곡이다.   CJ E&M Music은 아시아 No.1 엔터테인먼트 기업인 CJ E&M의 음악사업 브랜드로 음원/음반의 투자/제작/유통부터 콘서트/페스티벌 개최까지 포함하고 있습니다. CJ E&M MUSIC과 함께 하는 K-POP 아티스트들의 신곡과 뮤직비디오, 미공개 독점 영상 등을 이곳 YOUTUBE 채널에서 가장 먼저 만나보세요.  CJ E&M Music is a music business brand of CJ E&M, Asia's No.1 entertainment company. CJ E&M Music covers investment, production and distribution of album and also provides the best music festival and concerts. Meet the K-POP artists' brand new music videos and exclusive video clips on the official YouTube of CJ E&M Music.","GB"
"NHglTopVlKQ","2017-11-20","블락비 (Block B) - Shall We Dance MV","CJENMMUSIC Official",10,"Music","2017-11-07","09:00:01","CJ E&M|""CJENM""|""CJENMMUSIC""|""K-CULTURE""|""korean Music""|""MV""|""Music Video""|""K-Pop""|""Kpop""|""뮤비""|""뮤직비디오""|""블락비""|""Block B""|""Shall We Dance""|""블락비 (Block B) - Shall We Dance MV""",4000448,176017,2044,10960,"https://i.ytimg.com/vi/NHglTopVlKQ/default.jpg",False,False,False,"★iTunes : https://goo.gl/T52uzW     Spotify : https://goo.gl/aJCxQE  블락비 여섯 번째 미니앨범 “몽타주(MONTAGE)” 발매  2011년 데뷔한 블락비의 지난 6년간의 행보는 아이돌을 넘어 뮤지션으로 향하는 길이었다. 팀 활동뿐만 아니라 유닛과 솔로를 통해 멤버 전원이 아티스트로서의 역량을 키워왔고 또 인정받았다. 블락비의 여섯 번째 미니앨범 '몽타주(MONTAGE)'는 그 집약체다.    블락비는 여러 조각(노래, 안무, 영상 등)의 창조적 결과물이 합쳐져서 하나의 작품이 나온다는 의미를 담아 새 앨범을 '몽타주(MONTAGE)'라고 이름 붙였다. 세세한 부분까지 멤버들의 손길이 닿아있고 각각의 콘텐츠들을 유기적으로 엮어냈다. '몽타주(MONTAGE)'는 현재의 블락비를 관통하는 결과물인 것.   그런 만큼 누구 하나 빠지지 않는 멤버들의 고르고 적극적인 참여가 돋보인다. 블락비의 프로듀서 지코를 필두로 맏형인 비범은 솔로곡 '기브 앤 테이크(Give & Take)'를 직접 만들었고, 박경은 세 번째 트랙 '일방적이야'를 비롯하여 네 번째 트랙인 블락비 보컬 유닛(태일, 재효, 유권, 비범)의 발라드곡 '이렇게'를 작사 작곡했다.    블락비 본연의 색깔을 잘 살린 타이틀곡부터 첫 발라드 유닛곡 등 장르도 다양하다. 독특한 사운드와 개성 있는 랩을 들려주지만 트렌디함과 대중성을 놓치지 않았다. '몽타주(MONTAGE)'는 뮤지션으로 한층 견고해진 블락비의 진가를 확인할 수 있는 앨범이다.    1. My Zone 첫 번째 트랙인 'My Zone'은 블락비의 원초적인 자유분방함을 다시금 느끼게 해주는 곡이다. 펑크, 일렉, 트랩 세 가지 장르가 하이브리드된 독특한 편곡은 곡을 듣는 내내 한시도 지루할 틈 없고, 후렴구의 기타 리프가 감각적이다. 'My Zone'이란 제목처럼 '어디가든 앵콜 요구 빗발쳐' 등의 스웩 넘치는 가사와 강렬한 래핑이 어우러져 에너지가 넘친다.  Lyrics by ZICO, Penomeco / Composed by ZICO, Dirty Orange, Mitsu.J / Arranged by ZICO, Dirty Orange, Mitsu.J   2. Shall We Dance  두 번째 트랙은 타이틀곡 'Shall We Dance'다. 지코가 프로듀싱한 곡으로 디지털과 아날로그 소스의 자연스러운 조화로 트렌디함과 빈티지한 감성을 동시에 느낄 수 있는 라틴 바이브의 업템포 댄스다. 독특한 사운드에 대중성까지 잘 녹여낸 이 곡은 평범함을 거부하는 블락비만의 매력이 가장 잘 담긴 트랙이다. 멤버들 각각의 개성이 잘 드러나는 랩과 '지금이 피크야 꽁무니 빼지마', '쭈뼛대는 사람은 못 껴' 등의 가사가 위트 있다.  Lyrics by ZICO, 박경 / Composed by ZICO, Poptime / Arranged by ZICO, Poptime  3. 일방적이야 세 번째 트랙 '일방적이야'는 박경이 작사 작곡한 노래이다. 대화로도 좁혀지지 않는 연인과의 입장 차이를 대변한 곡이다. '내 시간만 좀 가질라치면 그걸 바로 넌 마음의 크기라 정의해', '구속 아닌 구속으로 내 숨통을 조여 겨울인데도 더워' 등의 가사가 재미있고, 레게 리듬이 흥겨움을 더한다.  Lyrics by 박경, ZICO / Composed by 박경, 13 / Arranged by 13  4. 이렇게 (Vocal Unit) 네 번째 트랙 '이렇게'는 박경이 작사 작곡한 곡으로 블락비 보컬 유닛(메인보컬 태일, 재효, 유권, 비범)의 첫 발라드다. 놓쳐버린 사랑에 후회하는 연인들의 마음을 애절하게 풀어냈다. '어제의 꿈같았던 널'이란 가사가 특히 아련하게 다가온다. 감미로운 피아노 선율이 잔잔하게 깔리는 멜로디가 아름답고, 네 멤버의 목소리가 편안하고 포근하게 감싼다.  Lyrics by 박경 / Composed by 박경, 심재훈, 박중훈 / Arranged by 박중훈  5. Give & Take (B-BOMB Solo) 다섯 번째 트랙 'Give & Take'는 블락비의 퍼포먼스 라인 비범이 작사 작곡한 곡이다. 펑키한 일렉기타 리듬과 Synth Pad를 기반으로 한 디스코풍의 곡이다. 감각적인 비트에 비범의 섹시한 매력이 오롯이 담겼다. Lyrics by B-BOMB / Composed by B-BOMB, 김진호, 박현규 / Arranged by 김진호, 정동환, 최선용   [CREDITS]  1. My Zone Lyrics by ZICO, Penomeco Composed by ZICO, Dirty Orange, Mitsu.J  Arranged by ZICO, Dirty Orange, Mitsu.J  Chorus by ZICO, 계범주 Guitar & Bass by Mitsu.J Vocals Recorded by 정은경 @In Grid Studio Guitar & Bass Recorded by Gregory Germain (Digz, Inc.) @DCH Studio Mixed by Stay Tuned @Hannam bling Mastered by 권남우 @821 Sound Mastering   2. Shall We Dance Lyrics by ZICO, 박경 Composed by ZICO, Poptime Arranged by ZICO, Poptime Chorus by ZICO, 계범주 Keyboard by ZICO, Poptime Recorded by 정은경 @In Grid Studio Mixed by Stay Tuned @Hannam bling Mastered by 권남우 @821 Sound Mastering  3. 일방적이야 Lyrics by 박경, ZICO Composed by 박경, 13 Arranged by 13 Chorus by ESBEE Guitar by 적재 Piano by SCORE Keyboard & Synthesizer by SCORE Recorded by 정은경 @In Grid Studio Mixed by HRZ @HRZ Mastered by 권남우 @821 Sound Mastering  4. 이렇게 (Vocal Unit) Lyrics by 박경 Composed by 박경, 심재훈, 박중훈 Arranged by 박중훈 Chorus by 노영채 Bass by 김병석 Piano by 박중훈 Keyboard & Synthesizer by 박중훈 String by 온더스트링 String Arranged by 이나일 Recorded by 정은경 @In Grid Studio Mixed by HRZ @HRZ Mastered by 권남우 @821 Sound Mastering   5. Give & Take (B-BOMB Solo) Lyrics by B-BOMB Composed by B-BOMB, 김진호, 박현규 Arranged by 김진호, 정동환, 최선용 Chorus by B-BOMB, 박현규 Drum by 김진호 Bass by 김진호 Guitar by 김진호 Keyboard by 김진호 Synthesizer by 정동환 Recorded by 배소윤 @821 Sound Mastering Mixed by Stay Tuned @Hannam bling Mastered by 권남우 @821 Sound Mastering   CJ E&M Music은 아시아 No.1 엔터테인먼트 기업인 CJ E&M의 음악사업 브랜드로 음원/음반의 투자/제작/유통부터 콘서트/페스티벌 개최까지 포함하고 있습니다. CJ E&M MUSIC과 함께 하는 K-POP 아티스트들의 신곡과 뮤직비디오, 미공개 독점 영상 등을 이곳 YOUTUBE 채널에서 가장 먼저 만나보세요.  CJ E&M Music is a music business brand of CJ E&M, Asia's No.1 entertainment company. CJ E&M Music covers investment, production and distribution of album and also provides the best music festival and concerts. Meet the K-POP artists' brand new music videos and exclusive video clips on the official YouTube of CJ E&M Music.","GB"
"ZcTZJiBTCXA","2017-11-16","러블리즈 (Lovelyz) - 종소리 (Twinkle) MV","CJENMMUSIC Official",10,"Music","2017-11-14","09:00:02","CJ E&M|""CJENM""|""CJENMMUSIC""|""K-CULTURE""|""korean Music""|""MV""|""Music Video""|""K-Pop""|""Kpop""|""뮤비""|""뮤직비디오""|""러블리즈""|""종소리""|""베이비소울""|""유지애""|""서지수""|""이미주""|""Kei""|""JIN""|""류수정""|""정예인""",179186,11836,353,939,"https://i.ytimg.com/vi/ZcTZJiBTCXA/default.jpg",False,False,False,"사랑에 빠져 돌아온 러블리즈, 추운 겨울 두근대는 설레임을 담은 세 번째 미니앨범 발매! Lovelyz 3rd Mini Album [Fall in Lovelyz]    그룹 러블리즈가 11월 14일 미니 3집 [Fall in Lovelyz]을 발매하며 깜짝 컴백한다.  러블리즈는 지난 2월 정규 2집 [R U Ready?]와 5월 정규 2집 리패키지 [지금, 우리]를 발매하며 두 번째 단독 콘서트 ‘Alwayz’까지 성황리에 마쳤으며 하반기에도 활발한 활동을 펼치고자 미니 3집 앨범을 발매하기로 결정. 또 한 번 겨울의 러블리즈를 볼 수 있게 됐다. 이번 미니 3집은 러블리즈만의 감성이 가장 돋보일 수 있는 계절인 겨울에 찾아오는 것으로 매 앨범 마다 높은 완성도와 한층 성장된 실력으로 컴백하는 만큼, 앨범에 대한 관심이 뜨겁다. 특히, 이번 앨범에서는 최근 떠오르는 프로듀서인 원택(1Take)과 탁(TAK)의 협업으로 새로운 러블리즈만의 감성과 세계관을 성립하며 또 다른 시너지를 만들어 낼 것이다.    러블리즈는 2014년 11월 12일 특유의 사랑스러움과 청순함으로 가요계에 대체 불가능한 걸그룹으로서   첫 1위와 두 번의 단독 콘서트, 뮤지컬까지 다방면으로 활동하고 있는 가운데 미니 3집으로 전격 컴백을 알렸다. 데뷔 3주년의 의미를 담은 이번 앨범은 러블리즈를 항상 응원하고 사랑해준 팬들을 위해 러블리즈가 선사하는 선물 같은 앨범으로 어느 때 보다 정성을 다해 완성됐다.  앨범 명 ‘Fall in Lovelyz’는 늦은 가을에서 겨울로 넘어가는 사이 계절의 분위기와 러블리즈만의 특별한 감성을 담아 지어졌으며, 사랑에 빠진 러블리즈와 이들에게 빠지게 될 모든 사람들의 설레고 벅찬 감정을 오롯이 표현하는 앨범이라는 의미를 담았다.  러블리즈의 미니 3집에는 타이틀 곡 ‘종소리’을 포함 총 7곡으로 모두 신곡으로 채워졌다. 트랙에는 잔잔하게 퍼지는 여운을 담은 발라드부터 동화 속의 한 장면을 연상케 하는 몽환적인 곡까지 다채롭게 수록되어 우리의 귀를 즐겁게 해줄 것이다.  타이틀 곡 ‘종소리’는 러블리즈가 새롭게 시도하는 Complextro 사운드와 ELECTRO-POP이라는 장르가 만난 곡으로 원택(1Take), 탁(TAK)이 작사, 작곡한 곡이다. 러블리즈와 처음 작업에 완벽 호흡을 자랑한 원택(1Take), 탁(TAK)은 인피니트의 ‘AIR’, 골든차일드의 ‘내 눈을 의심해’를 통해 새로운 사운드를 선보인 바 있다. ‘두근대는 설레임의 시작’, ‘귓가에 맴도는 종소리’라는 순정만화 판타지를 컨셉으로 러블리즈만의 사랑스러운 세계관을 담은 겨울에 듣기 좋은 곡으로 탄생됐다.  또한, 곡 중간에 들려오는 은은한 종소리가 한겨울 크리스마스 분위기를 떠오르게 하는 묘한 설렘을 불러일으키며 러블리즈의 파워풀한 군무와 다이나믹한 동선변화가 어우러진 안무로 화려한 무대를 꾸밀 예정이다. 이외에도 인트로 곡인 ‘Spotlight’와 수록곡 ‘삼각형’, ‘그냥’, ‘FALLIN’’, ‘비밀정원’, ‘졸린 꿈’까지 총 7곡이 수록되어있다. ‘삼각형’은 남녀의 삼각 관계를 경쾌한 사운드와 엮어 센스 있게 표현한 곡이며, ‘그냥’은 별다른 이유 없이 매번 ‘그냥’이라고 말하는 남자에 대해 혼란스러우면서도 슬프고 설레는 감정을 담은 곡이다. 특히, ‘FALLIN’’은 지난 7월 열린 러블리즈의 두 번째 단독 콘서트 ‘Alwayz’에서 선공개된 곡으로 사랑하는 연인과의 약속을 그려낸 가사에 러블리즈가 팬들에게 하고 싶은 말을 비유한 R&B 곡이다. 뿐만 아니라 어릴적 상상했던 동화적 환상을 담은 ‘졸린 꿈’과 ‘기억’과 ‘꿈’이 있는 곳을 정원으로 표현한 ‘비밀정원’까지 다채롭게 채워졌다. 이처럼 러블리즈의 미니 3집 [Fall in Lovelyz]은 추운 겨울, 우리들의 마음을 녹여줄 수 있는 설레고 따뜻한 앨범이 될 것이다.  CJ E&M Music은 아시아 No.1 엔터테인먼트 기업인 CJ E&M의 음악사업 브랜드로 음원/음반의 투자/제작/유통부터 콘서트/페스티벌 개최까지 포함하고 있습니다. CJ E&M MUSIC과 함께 하는 K-POP 아티스트들의 신곡과 뮤직비디오, 미공개 독점 영상 등을 이곳 YOUTUBE 채널에서 가장 먼저 만나보세요.  CJ E&M Music is a music business brand of CJ E&M, Asia's No.1 entertainment company. CJ E&M Music covers investment, production and distribution of album and also provides the best music festival and concerts. Meet the K-POP artists' brand new music videos and exclusive video clips on the official YouTube of CJ E&M Music.","GB"
"iqsQ0KHImrU","2018-03-06","민경훈 (Min Kyung Hoon) X 김희철 (Kim Hee Chul) - 후유증 (Falling Blossoms) MV","CJENMMUSIC Official",10,"Music","2018-02-17","14:00:07","CJ E&M|""CJENM""|""CJENMMUSIC""|""K-CULTURE""|""korean Music""|""MV""|""Music Video""|""K-Pop""|""Kpop""|""뮤비""|""뮤직비디오""|""민경훈""|""Min Kyung Hoon""|""김희철""|""Kim Hee Chul""|""후유증""|""Falling Blossoms""|""버즈""|""buzz""|""희철""|""슈퍼주니어""|""super junior""|""아는형님""|""나비잠""",1960852,87703,471,13996,"https://i.ytimg.com/vi/iqsQ0KHImrU/default.jpg",False,False,False,"♬ Available on iTunes, Apple Music : https://apple.co/2ESngwu      Listen on Spotify : http://spoti.fi/2ogRxvx   겁쟁이의 우주 유영 민경훈X김희철의 두 번째 비예능 ‘후유증’  ‘나비잠’으로 차트 정상에 오른 우주겁쟁이 민경훈과 김희철. 두 사람의 캐릭터는 상반된다. 민경훈은 밴드 음악 기반인 버즈 안에서 많은 히트곡들을 만들어 냈지만, 내성적인 성격 탓에 스타로서의 활동성을 보여주지 못했다. 반대로 김희철은 예능에서 거침없고 당당한 스타성을 과시하지만 솔로이스트로써의 자리매김은 아쉬운 편이었다. [아는형님]은 이 두 캐릭터의 상호보완을 통해 절친 케미를 완성했다. 그리고, TV 프로그램과 두 절친의 시너지는 프로젝트 음원의 차트 정상이라는 특별한 성공을 선물했다.  민경훈과의 듀엣을 통해 보컬로서의 파괴력을 확인시켜 준 김희철, 김희철과의 듀엣을 통해 대중에게 다시금 어필하는 데 성공한 민경훈. 서로를 통해 많은 것을 얻어 낸 김희철과 민경훈의 두 번째 음원은 어쩌면 너무 늦었다.  두 번째 음원 ‘후유증 (Falling Blossoms)’ 역시 ‘나비잠’과 같은 록발라드 곡이다. [아는형님]의 ‘뮤비대전’을 통해 TV 프로그램과의 시너지 또한 그대로 재현될 예정이며, ‘나비잠’을 작곡한 이상준과 차길완이 다시 작곡을 맡았다. ‘나비잠’을 김희철이 작사했고, 이번 ‘후유증’을 민경훈이 작사했다는 점을 제외하면 두 곡은 같은 연장선에 놓인다.   민경훈이 버즈 멤버 윤우현, 신준기와 함께 완성한 가사에는 지워지지 않는 사랑의 아픔이 담겼고, 우주겁쟁이 두 사람은 이별 후에 알게 된 소중함과 그리움을 애절하게 노래했다. 김희철은 허스키한 보이스로 록발라더의 멋을 뽐냈고, 민경훈은 본인 특유의 격정을 다시 한 번 끌어올렸다. 두 사람이 절반씩 파트를 가져가며 곡에 대등하게 기여하고 있다는 점이 인상적이며, 반대로 김희철의 하모니 베이스 위에서 감성을 폭발시키는 가창의 분업 또한 인상적이다.  도입부 등에서 사용된 어쿠스틱 기타 사운드, 김희철의 내던지는 창법과 멜로디는 90년대 메탈 발라드의 장점을, 후반부의 격정적인 현악과 호소력 강한 민경훈의 창법에서는 한국 발라드의 장점이 어필한다. 여러모로 다르고, 그 다름으로 인해 서로에게 기여하는 두 사람이다. (글/대중음악 평론가 이용지)   [Credit] 1. 후유증 Composed by 이상준 / 차길완 Lyrics by 민경훈 / 신준기 / 윤우현 Arranged by 차길완 Background Vocal by 민경훈 / 김희철 Piano & Synth by 차길완 / 이상준 Guitar by 임선호 Bass by 최훈 Drum by 신석철 String Arranged by EM Factory String by 융스트링 Mixed by 김갑수 Mastered by 권남우 (at. 821 Sound)   CJ E&M Music은 아시아 No.1 엔터테인먼트 기업인 CJ E&M의 음악사업 브랜드로 음원/음반의 투자/제작/유통부터 콘서트/페스티벌 개최까지 포함하고 있습니다. CJ E&M MUSIC과 함께 하는 K-POP 아티스트들의 신곡과 뮤직비디오, 미공개 독점 영상 등을 이곳 YOUTUBE 채널에서 가장 먼저 만나보세요.  CJ E&M Music is a music business brand of CJ E&M, Asia's No.1 entertainment company. CJ E&M Music covers investment, production and distribution of album and also provides the best music festival and concerts. Meet the K-POP artists' brand new music videos and exclusive video clips on the official YouTube of CJ E&M Music.","GB"
"pmMjkMtpnTc","2018-04-07","Wanna One (워너원) - 'BOOMERANG (부메랑)' M/V","CJENMMUSIC Official",10,"Music","2018-03-19","09:00:02","CJ E&M|""CJENM""|""CJENMMUSIC""|""K-CULTURE""|""korean Music""|""MV""|""Music Video""|""K-Pop""|""Kpop""|""뮤비""|""뮤직비디오""|""Wanna One""|""워너원""|""BOOMERANG""|""부메랑""|""강다니엘""|""박지훈""|""이대휘""|""김재환""|""옹성우""|""박우진""|""라이관린""|""윤지성""|""황민현""|""배진영""|""하성운""|""프로듀스101""|""프듀101""",15007407,643285,23624,81734,"https://i.ytimg.com/vi/pmMjkMtpnTc/default.jpg",False,False,False,"화려한 골든 에이지의 시작! Wanna One 2nd Mini Album 0+1=1 (I PROMISE YOU)  'BOOMERANG(부메랑)'은 자신감 강한 남자의 거부할 수 없는 짝사랑이 사랑하는 그녀와 만나 다시 그에게 돌아오길 바라는 마음과 영원히 그녀만을 바라보겠다는 약속을 담은 곡이다.  More About Wanna One @  Official Facebook: https://www.facebook.com/WannaOne.official  Official Twitter: https://twitter.com/WannaOne_twt  Official Instagram: https://www.instagram.com/wannaone.official  Official Post: http://post.naver.com/wannaone_official  Official fan cafe: http://cafe.daum.net/WannaOneOfficial  ♬ Available on iTunes, Apple Music : https://apple.co/2FWt5Gz      Listen on Spotify : https://spoti.fi/2GzRh4W   CJ E&M Music은 아시아 No.1 엔터테인먼트 기업인 CJ E&M의 음악사업 브랜드로 음원/음반의 투자/제작/유통부터 콘서트/페스티벌 개최까지 포함하고 있습니다. CJ E&M MUSIC과 함께 하는 K-POP 아티스트들의 신곡과 뮤직비디오, 미공개 독점 영상 등을 이곳 YOUTUBE 채널에서 가장 먼저 만나보세요.  CJ E&M Music is a music business brand of CJ E&M, Asia's No.1 entertainment company. CJ E&M Music covers investment, production and distribution of album and also provides the best music festival and concerts. Meet the K-POP artists' brand new music videos and exclusive video clips on the official YouTube of CJ E&M Music.","GB"
"2NlNEj2mCIg","2018-03-19","Wanna One (워너원) - '약속해요 (I.P.U.)' M/V l Special Theme Track","CJENMMUSIC Official",10,"Music","2018-03-05","09:00:00","CJ E&M|""CJENM""|""CJENMMUSIC""|""K-CULTURE""|""korean Music""|""MV""|""Music Video""|""K-Pop""|""Kpop""|""뮤비""|""뮤직비디오""|""WannaOne""|""워너원""|""프로듀스101""|""PROUDUCE101""|""프듀""|""강다니엘""|""박지훈""|""이대휘""|""옹성우""|""김재환""|""라이관린""|""윤지성""|""박우진""|""황민현""|""배진영""|""하성운""|""Kangdaniel""|""Parkjihoon""|""Leedaehwi""|""Ongsungwoo""|""Kimjaehwan""|""LaiKwanlin""|""Yoonjisung""|""Parkwoojin""|""Hwangminhyun""|""Baejinyoung""|""Hasungwoon""|""IPU""|""I.P.U""|""약속해요""|""워너원 약속""|""워너원 뮤비""|""Wannaone MV""|""I PROMISE YOU""|""I PROMISE U""",13344328,621842,12538,68878,"https://i.ytimg.com/vi/2NlNEj2mCIg/default.jpg",False,False,False,"“우리가 만난지 333일, 찬란한 황금기를 약속해요”  Wanna One 2nd Mini Album 0+1=1 (I PROMISE YOU)  스페셜 테마 트랙 '약속해요(I.P.U.)'    '약속해요(I.P.U.)'는 워너원에게 늘 힘이 되어주는 워너블을 향한 고마움과  일상 속 ‘감사’, ‘행복' 그리고 ‘사랑’에 대한 감정을 담은 워너원 표 '고백송'이다.       Wanna One 0+1=1 (I PROMISE YOU) 03.05 Special Theme Track '약속해요(I.P.U.)' 03.19 Album Release    More About Wanna One @  Official Facebook: https://www.facebook.com/WannaOne.official  Official Twitter: https://twitter.com/WannaOne_twt  Official Instagram: https://www.instagram.com/wannaone.official  Official Post: http://post.naver.com/wannaone_official  Official fan cafe: http://cafe.daum.net/WannaOneOfficial   ♬ Available on iTunes, Apple Music : https://apple.co/2D13jyw      Listen on Spotify : http://spoti.fi/2FECGkW   CJ E&M Music은 아시아 No.1 엔터테인먼트 기업인 CJ E&M의 음악사업 브랜드로 음원/음반의 투자/제작/유통부터 콘서트/페스티벌 개최까지 포함하고 있습니다. CJ E&M MUSIC과 함께 하는 K-POP 아티스트들의 신곡과 뮤직비디오, 미공개 독점 영상 등을 이곳 YOUTUBE 채널에서 가장 먼저 만나보세요.  CJ E&M Music is a music business brand of CJ E&M, Asia's No.1 entertainment company. CJ E&M Music covers investment, production and distribution of album and also provides the best music festival and concerts. Meet the K-POP artists' brand new music videos and exclusive video clips on the official YouTube of CJ E&M Music.","GB"
"M2zrC1QF7Zo","2018-02-27","Jay Park (박재범) X Yultron (율트론) - 'Forget About Tomorrow'  [Official Music Video]","JAYPARKOFFICIAL",10,"Music","2018-01-30","03:00:02","[none]",2910486,120513,655,5370,"https://i.ytimg.com/vi/M2zrC1QF7Zo/default.jpg",False,False,False,"Jay Park X Yultron - 'Forget About Tomorrow' - 2018. 01. 30. Tue. 12:00 (KST)","GB"
"LjUXm0Zy_dk","2018-04-07","[MV] 마마무(MAMAMOO) - 별이 빛나는 밤(Starry night)","MAMAMOO",10,"Music","2018-03-07","09:00:01","[none]",9419910,255386,3572,18003,"https://i.ytimg.com/vi/LjUXm0Zy_dk/default.jpg",False,False,False,". [MV] 마마무(MAMAMOO) - 별이 빛나는 밤(Starry night)","GB"
"bUMWiiOlee4","2018-01-05","[몬채널][S] 몬스타엑스(MONSTA X) - 그놈의 크리스마스 (Lonely Christmas)","MONSTA X",10,"Music","2017-12-18","09:00:02","MONSTAX|""MX""|""MONSTA X""|""MONSTA""|""LONELY CHRISTMAS""|""MERRY CHRISTMAS""|""CHRISTMAS""|""MONBEBE""|""CHMX""|""MV""|""SPECIAL CLIP""|""SHOWNU""|""WONHO""|""MINHYUK""|""KIHYUN""|""HYUNGWON""|""JOOHEON""|""IM""|""몬스타엑스""|""몬엑""|""몬베베""|""시즌송""|""그놈의크리스마스""|""그놈의 크리스마스""|""크리스마스""|""캐롤""|""셔누""|""원호""|""민혁""|""기현""|""형원""|""주헌""|""아이엠""|""창균""|""뮤비""|""뮤직비디오""|""스페셜클립""|""녹음실""|""메이킹""",430068,50898,90,2606,"https://i.ytimg.com/vi/bUMWiiOlee4/default.jpg",False,False,False,"iTunes Download ▶https://itunes.apple.com/us/album/그놈의-크리스마스-lonely-christmas-single/1326744105  ▶More information  MONSTA X Official Fan cafe : http://cafe.daum.net/monsta-x MONSTA X Official Twitter : http://www.twitter.com/OfficialMonstaX MONSTA X Official Facebook : http://www.facebook.com/OfficialMonstaX MONSTA X Official Weibo : http://www.weibo.com/monstax","GB"
"z4dH6hEMuwk","2018-05-04","PENTAGON(펜타곤) - '빛나리(Shine)' Official Music Video","PENTAGON 펜타곤 (Official YouTube Channel)",10,"Music","2018-04-02","09:00:08","펜타곤|""PENTAGON""|""6th mini album""|""미니 6집""|""Positive""|""포지티브""|""빛나리""|""Shine""|""뮤직비디오""|""MV""|""샤인""|""진호""|""후이""|""홍석""|""이던""|""신원""|""예원""|""옌안""|""유토""|""키노""|""우석""|""JINHO""|""HUI""|""HONGSEOK""|""E'DAWN""|""SHINWON""|""YEOONE""|""YANAN""|""YUTO""|""KINO""|""WOOSEOK""|""CUBE""|""큐브""|""아이돌""|""IDOL""",1743819,129292,523,10528,"https://i.ytimg.com/vi/z4dH6hEMuwk/default.jpg",False,False,False,"PENTAGON(펜타곤) - '빛나리(Shine)' Official Music VideoApple Music: https://apple.co/2GsDLNiSpotify: https://spoti.fi/2JlCPwbMelon: https://goo.gl/szKxREPENTAGON Official Youtube: https://www.youtube.com/c/officialpen...PENTAGON Official Facebook: https://www.facebook.com/pentagon.uni...PENTAGON Official Twitter: https://twitter.com/CUBE_PTGPENTAGON Official Instagram: https://www.instagram.com/CUBE_PTG/PENTAGON Official Fansite: http://cafe.daum.net/cube-pentagonⓒ All Rights Reserved CUBE Entertainment","GB"
"CyzEtbG-sxY","2017-11-18","[M/V] SEVENTEEN(세븐틴) - 박수(CLAP)","SEVENTEEN",10,"Music","2017-11-06","09:00:00","세븐틴|""SEVENTEEN""|""PLEDIS""|""플레디스""|""박수""|""CLAP""|""TEEN_AGE""",7434919,434255,4734,38460,"https://i.ytimg.com/vi/CyzEtbG-sxY/default.jpg",False,False,False,"타이틀곡 ‘박수’는 이번 정규 2집 앨범‘TEEN, AGE’의 타이틀곡으로 소년으로서의 세븐틴을 마무리 짓는 1막에 박수를 보낸다는 의미를 나타냄과 동시에 모든 슬픔과 방황을 돌파하고 성장하는 모습을 보여준다. 또한 ‘박수’는 블루스한 락을 기반으로 두어 펑키한 느낌을 최대한 살렸고 한 번 들으면 누구나 공감할 수 있는 스토리로 구성하였다.  청량하면서도 동시에 파워풀한 모습으로 세븐틴의 변화와 성장을 압축적으로 보여주며, 아무리 힘들고 괴로운 일이 있어도 세븐틴, 그리고 세븐틴을 성원하는 팬들의 마음을 함께 해 뚫고 나가겠다는 다짐과 건강한 에너지를 담았다.","GB"
"YGXiVHTy0JE","2018-04-26","[M/V] 부석순(SEVENTEEN) - 거침없이(Just do it)","SEVENTEEN",10,"Music","2018-03-21","09:00:02","세븐틴|""SEVENTEEN""|""BSS""|""부석순""|""승관""|""도겸""|""호시""|""거침없이""|""JUST DO IT""",1948382,189103,1174,12538,"https://i.ytimg.com/vi/YGXiVHTy0JE/default.jpg",False,False,False,"‘거침없이’는 세븐틴의 뮤직 프로듀서인 우지가 직접 곡 작업에 참여했고, 작사에는 부석순의 멤버 전원이 함께 참여했다. 중독성 강한 기타 리프가 인상적인 곡으로 직설적이면서도 재치 있게 풀어낸 가사는 물론 신나는 리듬으로 ‘부석순’의 긍정적인 에너지를 그대로 전달한다.   BSS(SEVENTEEN) 'Just do it' on iTunes : https://itunes.apple.com/album/%EA%B1%B0%EC%B9%A8%EC%97%86%EC%9D%B4-just-do-it-single/1361943500?l=ko&ls=1&app=itunes   SEVENTEEN Official Homepage: http://www.seventeen-17.com SEVENTEEN Official Facebook: https://www.facebook.com/seventeennews SEVENTEEN Official Twitter: https://twitter.com/pledis_17 SEVENTEEN Official Instagram: http://www.instagram.com/saythename_17 SEVENTEEN Official Fancafe: http://cafe.daum.net/pledis-17   ⓒ Pledis Entertainment. All Rights Reserved","GB"
"gZItyr1SNjU","2018-03-09","[M/V] SEVENTEEN(세븐틴) - 고맙다(THANKS)","SEVENTEEN",10,"Music","2018-02-05","09:00:03","SEVENTEEN|""세븐틴""|""DIRECTOR'S CUT""|""디렉터스컷""|""DIRECTOR'S CUT THANKS""|""디렉터스컷 고맙다""|""고맙다""|""세븐틴 고맙다""|""버논""|""도겸""|""디노""|""우지""|""원우""|""호시""|""민규""|""승관""|""정한""|""에스쿱스""|""디에잇""|""준""|""조슈아""|""VERNON""|""DK""|""DINO""|""WOOZI""|""WONWOO""|""HOSHI""|""MINGYU""|""SEUNGKWAN""|""JEONGHAN""|""SCOUPS""|""THE8""|""JUN""|""JOSHUA""|""캐럿""",12595519,510643,2886,50741,"https://i.ytimg.com/vi/gZItyr1SNjU/default.jpg",False,False,False,"세븐틴의 이번 스페셜 앨범은 ‘2017 세븐틴 프로젝트’의 완결인 ‘TEEN, AGE’의 확장판으로 타이틀곡 ‘고맙다’는 ‘2017 세븐틴 프로젝트’를 완벽하게 마무리 지을 뿐만 아니라, 팬들에 대한 특별한 감사를 전한다는데 의미가 있다.  청량한 기타 사운드 기반의 퓨처 베이스 장르의 곡으로 비록 지금은 내 곁에 없지만 지난 시간 우리와 함께 하며 좋은 추억을 만들어준 대상에게 고맙다는 내용을 담았다.","GB"
"7dGwk5-QMpc","2018-06-11","SHINee 샤이니 '데리러 가 (Good Evening)' MV","SMTOWN",10,"Music","2018-05-28","09:00:01","샤이니|""SHINee""|""태민""|""민호""|""키""|""온유""|""종현""|""JONGHYUN""|""TAEMIN""|""MINHO""|""KEY""|""ONEW""|""데리러 가""|""Good Evening""|""The Story of Light""|""EP.1""|""kpop""|""k-pop""",9486589,763365,3600,68828,"https://i.ytimg.com/vi/7dGwk5-QMpc/default.jpg",False,False,False,"SHINee's the 6th album 'The Story of Light’ EP.1 has been released!Listen on iTunes & Apple Music, Spotify, and Google Play Music http://smarturl.it/SHINee_EP1[Tracklist]01 All Day All Night02 데리러 가 (Good Evening)03 Undercover04 JUMP05 안녕 (You & I)SHINee Officialhttp://shinee6.smtown.comhttp://shinee.smtown.comhttp://www.youtube.com/SHINeehttp://www.facebook.com/shineehttp://www.instagram.com/shineehttp://twitter.com/SHINeeSHINee 샤이니 '데리러 가 (Good Evening)' MV ℗ SM Entertainment","GB"
"J41qe-TM1DY","2018-01-31","JONGHYUN 종현 '빛이 나 (Shinin’)' MV","SMTOWN",10,"Music","2018-01-23","04:00:00","JONGHYUN|""종현""|""SHINee""|""샤이니""|""빛이 나""|""Shinin'""|""Poet | Artist""",7800545,1040583,2822,119219,"https://i.ytimg.com/vi/J41qe-TM1DY/default.jpg",False,False,False,"JONGHYUN's Poet | Artist has been released. Listen on iTunes & Apple Music, Spotify, and Google Play Music http://smarturl.it/Poet_Artist  [Tracklist] 01 빛이 나 (Shinin’) 02 환상통 (Only One You Need) 03 와플 (#Hashtag) 04 기름때 (Grease) 05 Take The Dive 06 사람 구경 중 (Sightseeing) 07 Rewind 08 하루만이라도 (Just for a day) 09 어떤 기분이 들까 (I’m So Curious) 10 Sentimental 11 우린 봄이 오기 전에 (Before Our Spring)  JONGHYUN 종현 '빛이 나 (Shinin’)' MV ℗ S.M.Entertainment","GB"
"y5MKhfqMHX8","2018-02-24","NCT U: The Story of 'BOSS' 〈1〉","SMTOWN",10,"Music","2018-02-20","12:00:02","NCT|""NCT 2018""|""TAEYONG""|""JAEHYUN""|""JUNGWOO""|""KUN""|""CHENLE""|""TEN""|""RENJUN""|""YUTA""|""DOYOUNG""|""JOHNNY""|""JAEMIN""|""JENO""|""LUCAS""|""MARK""|""WINWIN""|""JISUNG""|""TAEIL""|""HAECHAN""|""태용""|""재현""|""정우""|""쿤""|""천러""|""텐""|""런쥔""|""유타""|""도영""|""쟈니""|""재민""|""제노""|""루카스""|""마크""|""윈윈""|""지성""|""태일""|""해찬""|""YEARBOOK""|""엔시티""|""엔이칠""|""엔드림""|""NCT 127""|""NCT DREAM""|""엔씨티""|""BOSS""|""보스""|""kpop""|""엔시티 드림""|""엔시티 일이칠""|""엔시티 유""",506576,53751,131,3174,"https://i.ytimg.com/vi/y5MKhfqMHX8/default.jpg",False,False,False,"#NCT_U_BOSS #NCT_U #BOSS #NCT #NCT2018 #TAEYONG #DOYOUNG #JUNGWOO #JAEHYUN #WINWIN #LUCAS #MARK","GB"
"Xg_4tbLnIOc","2018-02-27","BoA 보아 'ONE SHOT, TWO SHOT' MV","SMTOWN",10,"Music","2018-02-20","09:00:02","BoA|""보아""|""ONE SHOT TWO SHOT""|""원샷 투샷""|""MV""|""TEASER""|""KPOP""",2274296,126274,1437,6030,"https://i.ytimg.com/vi/Xg_4tbLnIOc/default.jpg",False,False,False,"BoA's 1st Mini Album ONE SHOT, TWO SHOT has been released. Listen and download on iTunes & Apple Music, Spotify, and Google Play Music http://smarturl.it/ONESHOTTWOSHOT  BoA Official http://boa.smtown.com http://www.youtube.com/boa http://www.facebook.com/boa.smtown  BoA 보아 'ONE SHOT, TWO SHOT' MV ℗ S.M.Entertainment","GB"
"v9ea5VDQfXg","2018-02-01","JONGHYUN 종현 '우린 봄이 오기 전에 (Before Our Spring)' MV","SMTOWN",10,"Music","2018-01-24","03:00:02","JONGHYUN|""종현""|""샤이니""|""SHINee""|""우린 봄이 오기 전에""|""Before Our Spring""|""Poet | Artist""",2364433,364886,434,29115,"https://i.ytimg.com/vi/v9ea5VDQfXg/default.jpg",False,False,False,"JONGHYUN's Poet | Artist has been released. Listen on iTunes & Apple Music, Spotify, and Google Play Music http://smarturl.it/Poet_Artist  [Tracklist] 01 빛이 나 (Shinin’) 02 환상통 (Only One You Need) 03 와플 (#Hashtag) 04 기름때 (Grease) 05 Take The Dive 06 사람 구경 중 (Sightseeing) 07 Rewind 08 하루만이라도 (Just for a day) 09 어떤 기분이 들까 (I’m So Curious) 10 Sentimental 11 우린 봄이 오기 전에 (Before Our Spring)  JONGHYUN 종현 '우린 봄이 오기 전에 (Before Our Spring)' MV ℗ S.M.Entertainment","GB"
"dfeEwt5_jsQ","2018-02-18","HENRY 헨리 'Monster' MV (English Ver.)","SMTOWN",10,"Music","2018-02-02","09:00:05","HENRY|""헨리""|""Monster""|""몬스터""|""Rigend Film""|""리젠드 필름""|""MV""|""Music Video""|""Henry Lau""",1590689,179705,621,9316,"https://i.ytimg.com/vi/dfeEwt5_jsQ/default.jpg",False,False,False,"HENRY's Monster has been released. Listen and download on iTunes & Apple Music, Spotify, and Google Play Music http://smarturl.it/HENRY_Monster  HENRY Official http://henry.smtown.com http://www.facebook.com/HenrysStrings http://www.youtube.com/SMTOWN  HENRY 헨리 'Monster' MV (English Ver.) ℗ S.M.Entertainment","GB"
"0AUFyFEt35g","2018-02-20","NCT U 엔시티 유 'BOSS' MV","SMTOWN",10,"Music","2018-02-18","15:00:00","NCT|""NCT 2018""|""TAEYONG""|""JAEHYUN""|""JUNGWOO""|""KUN""|""CHENLE""|""TEN""|""RENJUN""|""YUTA""|""DOYOUNG""|""JOHNNY""|""JAEMIN""|""JENO""|""LUCAS""|""MARK""|""WINWIN""|""JISUNG""|""TAEIL""|""HAECHAN""|""태용""|""재현""|""정우""|""쿤""|""천러""|""텐""|""런쥔""|""유타""|""도영""|""쟈니""|""재민""|""제노""|""루카스""|""마크""|""윈윈""|""지성""|""태일""|""해찬""|""YEARBOOK""|""엔시티""|""엔이칠""|""엔드림""|""NCT 127""|""NCT DREAM""|""엔씨티""|""BOSS""|""보스""|""kpop""|""엔시티 드림""|""엔시티 일이칠""|""엔시티 유""",4645909,520454,4456,76042,"https://i.ytimg.com/vi/0AUFyFEt35g/default.jpg",False,False,False,"NCT U's BOSS Music Video has been released!   NCT Official http://www.nct2018.com http://nct.smtown.com http://www.youtube.com/nctsmtown http://www.facebook.com/NCT.smtown http://twitter.com/NCTsmtown  NCT U 엔시티 유 'BOSS' MV ℗ S.M.Entertainment","GB"
"6sHIq41sI-w","2018-03-29","NCT 127 엔시티 127 'TOUCH' MV","SMTOWN",10,"Music","2018-03-13","15:01:07","NCT|""NCT 2018""|""TAEYONG""|""JAEHYUN""|""JUNGWOO""|""KUN""|""CHENLE""|""TEN""|""RENJUN""|""YUTA""|""DOYOUNG""|""JOHNNY""|""JAEMIN""|""JENO""|""LUCAS""|""MARK""|""WINWIN""|""JISUNG""|""TAEIL""|""HAECHAN""|""태용""|""재현""|""정우""|""쿤""|""천러""|""텐""|""런쥔""|""유타""|""도영""|""쟈니""|""재민""|""제노""|""루카스""|""마크""|""윈윈""|""지성""|""태일""|""해찬""|""YEARBOOK""|""엔시티""|""엔이칠""|""엔드림""|""NCT 127""|""NCT DREAM""|""엔씨티""|""kpop""|""엔시티 드림""|""엔시티 일이칠""|""엔시티 유""|""TOUCH""|""터치""",6682726,435537,3829,44173,"https://i.ytimg.com/vi/6sHIq41sI-w/default.jpg",False,False,False,"NCT 2018 EMPATHY has been released! Listen and download on iTunes & Apple Music, Spotify, and Google Play Music http://smarturl.it/NCT2018EMPATHY  NCT 127 Official http://www.nct2018.com http://nct.smtown.com http://www.youtube.com/nct127 http://www.youtube.com/nctsmtown http://www.facebook.com/NCT.smtown http://www.instagram.com/nct127 http://twitter.com/NCTsmtown_127  NCT 127 엔시티 127 'TOUCH' MV ℗ S.M.Entertainment","GB"
"gUWDiXBNohY","2018-04-06","NCT U 엔시티 유 'YESTODAY' MV","SMTOWN",10,"Music","2018-04-01","15:00:06","NCT|""NCT 2018""|""NCT U""|""엔시티""|""태용""|""마크""|""루카스""|""도영""|""TAEYONG""|""MARK""|""LUCAS""|""DOYOUNG""|""YESTODAY""|""예스투데이""",2419996,360638,2130,27912,"https://i.ytimg.com/vi/gUWDiXBNohY/default.jpg",False,False,False,"NCT 2018 EMPATHY has been released! Listen and download on iTunes & Apple Music, Spotify, and Google Play Music http://smarturl.it/NCT2018EMPATHY  NCT Official http://www.nct2018.com http://nct.smtown.com http://www.youtube.com/nctsmtown http://www.facebook.com/NCT.smtown http://www.instagram.com/nct http://twitter.com/NCTsmtown  NCT U 엔시티 유 'YESTODAY' MV ℗ S.M.Entertainment","GB"
"IDpWeURKkbI","2018-06-14","SHINee 샤이니 'I Want You' MV","SMTOWN",10,"Music","2018-06-11","09:00:04","샤이니|""SHINee""|""태민""|""민호""|""온유""|""키""|""종현""|""TAEMIN""|""MINHO""|""ONEW""|""KEY""|""JONGHYUN""|""I Want You""",2085778,300278,881,19531,"https://i.ytimg.com/vi/IDpWeURKkbI/default.jpg",False,False,False,"SHINee's the 6th album 'The Story of Light’ EP.2 has been released!Listen on iTunes & Apple Music, Spotify, and Google Play Music http://smarturl.it/SHINee_EP2[Tracklist]01 I Want You02 Chemistry03 Electric04 Drive05 독감 (Who Waits For Love)SHINee Officialhttp://shinee6.smtown.comhttp://shinee.smtown.comhttp://www.youtube.com/SHINeehttp://www.facebook.com/shineehttp://www.instagram.com/shineehttp://twitter.com/SHINeeSHINee 샤이니 'I Want You' MV ℗ SM Entertainment","GB"
"TQ2uDO5CbYg","2017-11-17","Red Velvet 레드벨벳 '피카부 (Peek-A-Boo)' Teaser Part.1","SMTOWN",10,"Music","2017-11-07","15:00:01","Red Velvet|""레드벨벳""|""아이린""|""조이""|""슬기""|""웬디""|""예리""|""IRENE""|""JOY""|""SEULGI""|""WENDY""|""YERI""|""Peek-A-Boo""|""피카부""",2255227,144085,2347,12074,"https://i.ytimg.com/vi/TQ2uDO5CbYg/default.jpg",False,False,False,"Red Velvet's 2nd full length album Perfect Velvet will be released on Nov. 17th, 6PM(KST).  #RedVelvet #레드벨벳 #The2ndAlbum #PerfectVelvet #TitleTrack #피카부 #PeekABoo #Release #171117 #6PM  Red Velvet Official http://redvelvet.smtown.com http://www.youtube.com/redvelvet  http://www.facebook.com/RedVelvet http://www.instagram.com/redvelvet.smtown http://twitter.com/Rvsmtown  Red Velvet 레드벨벳 '피카부 (Peek-A-Boo)' Teaser Part.1 ℗ S.M.Entertainment","GB"
"6uJf2IT2Zh8","2017-11-30","Red Velvet 레드벨벳 '피카부 (Peek-A-Boo)' MV","SMTOWN",10,"Music","2017-11-17","09:00:03","Red Velvet|""레드벨벳""|""피카부""|""PeekABoo""|""Peek-A-Boo""|""아이린""|""웬디""|""슬기""|""조이""|""예리""|""IRENE""|""WENDY""|""SEULGI""|""JOY""|""YERI""|""Perfect Velvet""|""smtown""|""sm entertainment""|""sment""",18778325,661110,21949,69878,"https://i.ytimg.com/vi/6uJf2IT2Zh8/default.jpg",False,False,False,"Red Velvet's 2nd full length album Perfect Velvet has been released. Listen and download on iTunes & Apple Music, Spotify, and Google Play Music http://smarturl.it/Perfect_Velvet  [Tracklist] 01 피카부 (Peek-A-Boo) 02 봐 (Look) 03 I Just 04 Kingdom Come 05 두 번째 데이트 (My Second Date) 06 Attaboy 07 Perfect 10 08 About Love 09 달빛 소리 (Moonlight Melody)  #RedVelvet #레드벨벳 #The2ndAlbum #PerfectVelvet #TitleTrack #피카부 #PeekABoo #Release #171117 #6PM  Red Velvet Official http://redvelvet.smtown.com http://www.youtube.com/redvelvet  http://www.facebook.com/RedVelvet http://www.instagram.com/redvelvet.smtown http://twitter.com/RVsmtown  Red Velvet 레드벨벳 '피카부 (Peek-A-Boo)' MV ℗ S.M.Entertainment","GB"
"t6Bi_0q_17Y","2017-12-26","LAY 레이 'Goodbye Christmas (聖誕又至)' MV","SMTOWN",10,"Music","2017-12-22","15:00:08","LAY|""레이""|""张艺兴""|""Winter Special Gift""|""Goodbye Christmas""|""聖誕又至""|""EXO""|""엑소""",779273,157675,549,8975,"https://i.ytimg.com/vi/t6Bi_0q_17Y/default.jpg",False,False,False,"LAY's Digital Album Winter Special Gift has been released. Listen and download on iTunes & Apple Music, Spotify, and Google Play Music http://smarturl.it/LAYwinterspecialgift #LAY #레이 #DigitalAlbum #GoodbyeChristmas #聖誕又至  [Tracklist] 01 Goodbye Christmas (聖誕又至) 02 Can you feel me (你的感覺) 03 Christmas Love (聖誕的愛) 04 Gift to XBACK (小小禮物) 05 Goodbye Christmas (Eng Ver.) 06 Goodbye Christmas (Inst.)  LAY Official http://lay.smtown.com http://www.youtube.com/weareoneEXO http://www.facebook.com/weareoneEXO http://twitter.com/weareoneexo http://www.instagram.com/weareone.exo  LAY 레이 'Goodbye Christmas (聖誕又至)' MV ℗ S.M.Entertainment","GB"
"Q48VduIflPk","2018-01-12","[STATION] SMTOWN 'Dear My Family (Live Concert Ver.)' MV","SMTOWN",10,"Music","2017-12-29","09:00:02","SM STATION|""SMTOWN""|""Dear My Family""|""SM Entertainment""|""EXO""|""SHINee""|""BoA""|""KANGTA""|""Red Velvet""|""Girls' Generation""|""NCT""|""f(x)""|""TVXQ!""|""SUPER JUNIOR""|""TRAX""",3741415,399377,1066,24595,"https://i.ytimg.com/vi/Q48VduIflPk/default.jpg",False,False,False,"SMTOWN's STATION track Dear My Family has been released. Listen and download on iTunes & Apple Music, Spotify, and Google Play Music http://smarturl.it/STATION2_38 #The38th #SMSTATION #SMTOWN #DearMyFamily #171229 #6PM  SM STATION Official http://www.instagram.com/smtownstation http://www.facebook.com/station.smtown Apply for #OPEN_STATION by E-mail : openstation@smtown.com  [STATION] SMTOWN 'Dear My Family (Live Concert Ver.)' MV ℗ S.M.Entertainment","GB"
"ZbB4SYJNuTo","2018-05-18","SUPER JUNIOR 슈퍼주니어 'Lo Siento (Feat. Leslie Grace)' MV","SMTOWN",10,"Music","2018-04-12","09:00:05","SUPER JUNIOR|""슈퍼주니어""|""은혁""|""동해""|""예성""|""신동""|""시원""|""이특""|""희철""|""EUNHYUK""|""DONGHAE""|""YESUNG""|""SHINDONG""|""LEETEUK""|""HEECHUL""|""Lo Siento""|""Leslie Grace""|""Play N Skillz""|""로시엔토""|""kpop""",25910075,1006918,16389,126652,"https://i.ytimg.com/vi/ZbB4SYJNuTo/default.jpg",False,False,False,"SUPER JUNIOR's 8th repackage album REPLAY has been released!Listen and download on iTunes & Apple Music, Spotify, and Google Play Music http://smarturl.it/SJ_REPLAY[Tracklist]01 Lo Siento (Feat. Leslie Grace)02 Black Suit 03 Scene Stealer 04 Me & U05 비처럼 가지 마요 (One More Chance)06 Good Day for a Good Day07 Runaway08 Super Duper09 The Lucky Ones10 예뻐 보여 (Girlfriend)11 안아줄게 (Hug)12 Spin Up!13 시간 차 (Too late)14 I do (두 번째 고백)15 Lo Siento (Feat. KARD)SUPER JUNIOR Officialhttp://superjunior.smtown.comhttp://www.youtube.com/SUPERJUNIORhttp://www.facebook.com/superjuniorhttp://www.instagram.com/superjuniorSUPER JUNIOR 슈퍼주니어 'Lo Siento (Feat. Leslie Grace)' MV ℗ SM Entertainment, Label SJ","GB"
"leu-cTvMWTA","2017-12-31","EXO 엑소 'Universe' MV","SMTOWN",10,"Music","2017-12-26","09:00:04","EXO|""엑소""|""エクソ""|""SUHO""|""CHANYEOL""|""D.O.""|""BAEKHYUN""|""KAI""|""XIUMIN""|""CHEN""|""SEHUN""|""수호""|""찬열""|""디오""|""백현""|""카이""|""시우민""|""첸""|""Universe""|""Cafe Universe""",7201892,833114,10990,94121,"https://i.ytimg.com/vi/leu-cTvMWTA/default.jpg",False,False,False,"EXO's Winter Special Album Universe has been released. Listen and download on iTunes & Apple Music, Spotify, and Google Play Music http://smarturl.it/EXOUniverse2017 #EXO #엑소 #WinterSpecialAlbum #Universe #171226 #6PM  [Tracklist] 01 Universe 02 為心導航 (Universe) 03 지나갈 테니 (Been Through) 04 Stay 05 Fall 06 Good Night 07 Lights Out 08 Universe (CD Version)  EXO Official http://exo.smtown.com http://www.youtube.com/weareoneEXO http://www.facebook.com/weareoneEXO http://www.instagram.com/weareone.exo http://twitter.com/weareoneEXO  EXO 엑소 'Universe' MV ℗ S.M.Entertainment","GB"
"VM-g_bkFdzo","2018-04-07","[STATION] TEN 텐 'New Heroes' MV","SMTOWN",10,"Music","2018-04-06","09:00:05","NCT|""텐""|""TEN""|""SM STATION""|""슴스테""|""New Heroes""|""NCT U""|""NCT 2018""",1113267,206212,507,19119,"https://i.ytimg.com/vi/VM-g_bkFdzo/default.jpg",False,False,False,"The 52nd STATION track, TEN's New Heroes has been released! Listen and download on iTunes & Apple Music, Spotify, and Google Play Music http://smarturl.it/STATION2_52  NCT Official http://www.nct2018.com http://nct.smtown.com http://www.youtube.com/nctsmtown http://www.facebook.com/NCT.smtown http://www.instagram.com/nct http://twitter.com/NCTsmtown  SM STATION Official http://www.instagram.com/smtownstation http://www.facebook.com/station.smtown  [STATION] TEN 텐 'New Heroes' MV ℗ S.M.Entertainment","GB"
"PmH948yZwhE","2018-01-13","[STATION] NCT U '텐데... (Timeless)' Live Video","SMTOWN",10,"Music","2018-01-12","11:00:01","NCT U|""NCT""|""재현""|""도영""|""태일""|""JAEHYUN""|""DOYOUNG""|""TAEIL""|""텐데""|""Timeless""|""Live Video""",334870,60743,172,4954,"https://i.ytimg.com/vi/PmH948yZwhE/default.jpg",False,False,False,"NCT U's STATION track 텐데… (Timeless) (Sung by 재현, 도영, 태일) has been released. Listen and download on iTunes & Apple Music, Spotify, and Google Play Music: http://smarturl.it/STATION2_40 #The40th #SMSTATION #NCT_U #JAEHYUN #재현 #DOYOUNG #도영 #TAEIL #태일 #텐데 #Timeless #180112 #6PM  NCT Official http://nct.smtown.com http://www.youtube.com/nctsmtown http://www.facebook.com/NCT.smtown http://twitter.com/NCTsmtown  SM STATION Official http://www.instagram.com/smtownstation http://www.facebook.com/station.smtown Apply for #OPEN_STATION by E-mail : openstation@smtown.com  [STATION] NCT U '텐데... (Timeless)' Live Video ℗ S.M.Entertainment","GB"
"PcYhtiJneHg","2018-01-17","TAEYEON 태연 '겨울나무 (I'm all ears)' Special Video","SMTOWN",10,"Music","2018-01-12","15:00:02","TAEYEON|""태연""|""겨울나무""|""I'm all ears""|""This Christmas""|""Winter is Coming""",993486,114411,887,5231,"https://i.ytimg.com/vi/PcYhtiJneHg/default.jpg",False,False,False,"TAEYEON's winter album This Christmas – Winter is Coming has been released. Listen and download on iTunes & Apple Music, Spotify, and Google Play Music http://smarturl.it/TAEYEONthischristmas #TAEYEON #태연 #Winter_album #ThisChristmas_WinterisComing #겨울나무 #Im_all_ears  [Tracklist] 01 The Magic of Christmas Time 02 This Christmas 03 Let It Snow  04 Candy Cane 05 Christmas without You 06 쉿 (Shhhh) 07 겨울나무 (I’m all ears) 08 This Christmas (Inst.)   TAEYEON Official http://taeyeon.smtown.com http://www.youtube.com/GIRLSGENERATION http://www.facebook.com/girlsgeneration http://twitter.com/girlsgeneration  TAEYEON 태연 '겨울나무 (I'm all ears)' Special Video ℗ S.M.Entertainment","GB"
"JWH5KE1atAg","2018-01-23","[STATION] Siedah Garrett X 보아 (BoA) 'Man in the Mirror (LIVE)' Live Performance","SMTOWN",10,"Music","2018-01-16","09:00:02","BoA|""보아""|""Siedah Garrett""|""Man in the Mirror""|""Michael Jackson""|""Live Performance""|""SM STATION""",344710,30119,235,1722,"https://i.ytimg.com/vi/JWH5KE1atAg/default.jpg",False,False,False,"Siedah Garrett X 보아 (BoA)'s STATION track Man in the Mirror (LIVE) has been released. Listen and download on iTunes & Apple Music, Spotify, and Google Play Music http://smarturl.it/STATION2_41 #The41st #SMSTATION #SiedahGarrett #BoA #보아 #ManintheMirror #LIVE #180116 #6PM  BoA Official http://boa.smtown.com http://www.youtube.com/boa http://www.facebook.com/boa.smtown  SM STATION Official http://www.instagram.com/smtownstation http://www.facebook.com/station.smtown Apply for #OPEN_STATION by E-mail : openstation@smtown.com  [STATION] Siedah Garrett X 보아 (BoA) 'Man in the Mirror (LIVE)' Live Performance ℗ S.M.Entertainment","GB"
"pykyNOEVqCU","2018-02-02","BoA 보아 '내가 돌아 (NEGA DOLA)' MV","SMTOWN",10,"Music","2018-02-01","04:30:03","보아|""BoA""|""내가 돌아""|""NEGA DOLA""|""유영진""|""YOO YOUNG JIN""|""Music Video""",701024,70841,1103,3203,"https://i.ytimg.com/vi/pykyNOEVqCU/default.jpg",False,False,False,"BoA's '내가 돌아 (NEGA DOLA)' has been released. Listen and download on iTunes & Apple Music, Spotify, and Google Play Music http://smarturl.it/BoA_NEGADOLA  BoA Official http://boa.smtown.com http://www.youtube.com/boa http://www.facebook.com/boa.smtown  BoA 보아 '내가 돌아 (NEGA DOLA)' MV ℗ S.M.Entertainment","GB"
"-7tSTUR7FG0","2018-03-14","NCT U 엔시티 유 'BOSS' Dance Practice","SMTOWN",10,"Music","2018-02-27","12:00:00","NCT|""NCT 2018""|""TAEYONG""|""JAEHYUN""|""JUNGWOO""|""KUN""|""CHENLE""|""TEN""|""RENJUN""|""YUTA""|""DOYOUNG""|""JOHNNY""|""JAEMIN""|""JENO""|""LUCAS""|""MARK""|""WINWIN""|""JISUNG""|""TAEIL""|""HAECHAN""|""태용""|""재현""|""정우""|""쿤""|""천러""|""텐""|""런쥔""|""유타""|""도영""|""쟈니""|""재민""|""제노""|""루카스""|""마크""|""윈윈""|""지성""|""태일""|""해찬""|""YEARBOOK""|""엔시티""|""엔이칠""|""엔드림""|""NCT 127""|""NCT DREAM""|""엔씨티""|""kpop""|""엔시티 드림""|""엔시티 일이칠""|""엔시티 유""",4651793,251125,1013,12150,"https://i.ytimg.com/vi/-7tSTUR7FG0/default.jpg",False,False,False,"NCT U BOSS MV has reached 10 million views! Thank you for your love and support!  NCT Official http://www.nct2018.com http://nct.smtown.com http://www.youtube.com/nctsmtown http://www.facebook.com/NCT.smtown http://www.instagram.com/nct http://twitter.com/NCTsmtown  NCT U 엔시티 유 'BOSS' Dance Practice ℗ S.M.Entertainment","GB"
"3wnHiK5sKgA","2018-04-02","TVXQ! 동방신기 '운명 (The Chance of Love)' MV","SMTOWN",10,"Music","2018-03-28","09:00:02","TVXQ!|""동방신기""|""유노윤호""|""최강창민""|""MAX""|""U-KNOW""|""운명""|""The Chance of Love""|""kpop""|""MV""|""Music Video""|""Choreography""",3433317,230277,1390,19838,"https://i.ytimg.com/vi/3wnHiK5sKgA/default.jpg",False,False,False,"TVXQ!'s The 8th Album New Chapter #1 : The Chance of Love has been released! Listen and download on iTunes & Apple Music, Spotify, and Google Play Music http://smarturl.it/TVXQ_NewChapter1  TVXQ! Official http://tvxq.smtown.com http://www.youtube.com/TVXQ http://www.facebook.com/tvxq http://www.instagram.com/tvxq.official http://twitter.com/TVXQ  TVXQ! 동방신기 '운명 (The Chance of Love)' MV ℗ S.M.Entertainment","GB"
"BC19fhyTG_M","2017-12-13","EXO 'Electric Kiss' MV -Short Ver.-","SMTOWN",10,"Music","2017-12-05","19:00:02","EXO|""엑소""|""エクソ""|""COUNTDOWN""|""Electric Kiss""|""SUHO""|""CHANYEOL""|""D.O.""|""BAEKHYUN""|""KAI""|""XIUMIN""|""CHEN""|""SEHUN""|""수호""|""찬열""|""디오""|""백현""|""카이""|""시우민""|""첸""|""세훈""",6924540,657782,10898,81765,"https://i.ytimg.com/vi/BC19fhyTG_M/default.jpg",False,False,False,"EXO's 1st full album in Japan   EXO's 1st full album in Japan COUNTDOWN will be released on January 24th, 2018. Title Track Electric Kiss Music Video Short Ver. is released!  [Tracklist] 01 Electric Kiss   02 Coming Over   03 Love Me Right～romantic universe～   04 LIGHTSABER   05 TACTIX   06 Into My World   07 Lovin’ You Mo’   08 Drop That   09 Run This   10 Cosmic Railway  EXO Japan Official http://exo-jp.net/ http://exo-jp.net/special/countdown/ https://twitter.com/EXO_NEWS_JP  #EXO #エクソ #EXO_Japan_1st_album #COUNTDOWN #TitleTrack #ElectricKiss #Release #180124 EXO 'Electric Kiss' MV -Short Ver.-","GB"
"hsh54g9JmC0","2017-12-24","TAEYEON 태연 'This Christmas' MV","SMTOWN",10,"Music","2017-12-12","09:00:04","태연|""TAEYEON""|""This Christmas - Winter is Coming""|""This Christmas""|""Winter album""|""소녀시대""|""Girls' Generation""",4811392,245227,5389,12725,"https://i.ytimg.com/vi/hsh54g9JmC0/default.jpg",False,False,False,"TAEYEON's winter album This Christmas – Winter is Coming has been released. Listen and download on iTunes & Apple Music, Spotify, and Google Play Music http://smarturl.it/TAEYEONthischristmas #TAEYEON #태연 #Winter_album #ThisChristmas_WinterisComing #TitleTrack #ThisChristmas #171212 #6PM  [Tracklist] 01 The Magic of Christmas Time 02 This Christmas 03 Let It Snow  04 Candy Cane 05 Christmas without You 06 쉿 (Shhhh) 07 겨울나무 (I’m all ears) 08 This Christmas (Inst.)   TAEYEON Official http://taeyeon.smtown.com http://www.youtube.com/GIRLSGENERATION http://www.facebook.com/girlsgeneration http://twitter.com/girlsgeneration  TAEYEON 태연 'This Christmas' MV ℗ S.M.Entertainment","GB"
"RanHW12ZP5o","2018-01-21","Soju (소주) So Juicy Official M/V","Soju",10,"Music","2018-01-11","16:00:01","Soju|""So Juicy Music Video""|""Shot with Soju Song""|""Shot with Soju Music Video""|""Shot with Soju Single""|""Soju Music Video""|""Drag Queen Kpop""|""Drag Queen K-pop""",21295,1512,147,205,"https://i.ytimg.com/vi/RanHW12ZP5o/default.jpg",False,False,False,"Soju (소주) So Juicy Official M/V  'SO JUICY' 💕 Get it on iTunes/Google Play/Amazon - iTunes: http://apple.co/2xzEAjG - Spotify: http://spoti.fi/2xGQwSc - Google Play: http://bit.ly/2wTjH66 - Amazon Prime Music: http://amzn.to/2fQ9H2G  Follow us on Instagram!  - Soju (@shotwithsoju)  Official Soju Merch is here! - www.dragqueenmerch.com  Cast: Jaymes Mansfield  Aunty Chan  Bambi Banks  Lil Kimothy  Lo-Ti-On  Eva Young  Briawna banana Catherine Yang  Henry Wong  Vincent Variola Andrew Barrat    Credits: Video by REPLICATE Directed by ELLIOT NICK Shot and Edited by THOMAS MOLASH Composer | CATHERINE YANG Production Designer | ELLIOT NICK Set Dresser | CAMILLE CASMIER Gaffer | LEO GALLAGHER Swing | ADDISON KWASIGROCH Production Assistant | DAVID CHACON Special Thanks | GOOD NEWS LAUNDRY Head Bitch | DS SHIN Side Bitch | BO SUH","GB"
"tml1mo26jmw","2018-06-04","Wanna One (워너원) - '켜줘(Light)' M/V Teaser","Stone Music Entertainment",10,"Music","2018-05-28","12:52:40","K-CULTURE korean Music MV Music Video K-Pop Kpop 뮤비 뮤직비디오|""Stone Music Entertainment""|""Wanna One""|""워너원""|""강다니엘""|""UNDIVIDED""|""워너원고""|""켜줘""|""Light""",1105217,117863,923,6652,"https://i.ytimg.com/vi/tml1mo26jmw/default.jpg",False,False,False,"Wanna One 1÷x=1 (UNDIVIDED)TITLE TRACK '켜줘(Light)'2018.06.04(MON) 6PM Release","GB"
"vbZbnpbVc0w","2018-05-14","에릭남 (Eric Nam) - 솔직히 (Honestly…) MV","Stone Music Entertainment",10,"Music","2018-04-11","09:00:07","CJ E&M|""CJENM""|""CJENMMUSIC""|""K-CULTURE""|""korean Music""|""MV""|""Music Video""|""K-Pop""|""Kpop""|""뮤비""|""뮤직비디오""|""에릭남""|""Eric Nam""|""솔직히""|""Honestly""|""댄스""|""dance""|""남윤도""",3380185,126110,602,5544,"https://i.ytimg.com/vi/vbZbnpbVc0w/default.jpg",False,False,False,"♬ Available on iTunes, Apple Music : https://apple.co/2HIGdk3     Listen on Spotify : https://spoti.fi/2HIGkvZ뮤지션 에릭남의 ‘솔직한 음악’으로 채워진 세 번째 미니앨범 ‘Honestly’달콤하고 로맨틱한 남자의 대명사와도 같았던 에릭남이 그 동안의 이미지와 사뭇 다른 음악으로 돌아온다. 2년만에 발매하는 미니앨범 ‘Honestly’를 통해 지금까지 보여주지 못한, 그러나 꼭 보여주고 싶었던 색다른 모습을 꺼내 보이려 한다.미니앨범 ‘Honestly’는 에릭남이 진정 하고 싶었던 음악들로만 이루어졌다. 에릭남이 수록된 전곡의 작사 및 작곡, 앨범 프로듀싱까지 직접 참여해 자신만의 색깔로 가득 채웠고, 뮤지션으로서의 입지를 다시 한 번 굳혔다.또한, 이번 앨범에는 에픽하이 타블로 및 어반자카파 조현아가 작사에 참여했음은 물론, 카밀라 카베요, 저스틴 비버, 마틴 게릭스, 칼리드, 알레시아 카라, 카이고, 레이디 가가, 켈라니, 제이슨 데룰로 등 전세계적으로 가장 핫한 아티스트들과 함께 작업해온 유수의 프로듀서진들이 대거 참여해 음악적으로 더욱 완성도 있는 앨범이 탄생했다.에릭남은 이번 앨범을 통해 확실하게 변화한 모습을 보여주기 위해 멕시코 올 로케이션으로 뮤직비디오도 촬영했다. 세 번째 미니앨범 ‘Honestly’를 통해 들려주고, 보여줄 에릭남의 ‘솔직한’ 음악에 귀를 기울여 보자.1. 솔직히 (Honestly…)Lyrics by Eric Nam, Jay KimComposed by Jake Torrey, Rachel Siegel, Eric NamArranged by 장이정, Van Dejelou이번 앨범의 타이틀곡으로, 중독성 있는 훅과 포스트 코러스의 신디사이저 사운드가 매력적인 트렌디한 팝 장르의 곡이다. 연인과의 이별을 고민하고 있는 한 남자의 솔직한 속마음을 노래했다.CJ E&M Music은 아시아 No.1 엔터테인먼트 기업인 CJ E&M의 음악사업 브랜드로 음원/음반의 투자/제작/유통부터 콘서트/페스티벌 개최까지 포함하고 있습니다. CJ E&M MUSIC과 함께 하는 K-POP 아티스트들의 신곡과 뮤직비디오, 미공개 독점 영상 등을 이곳 YOUTUBE 채널에서 가장 먼저 만나보세요.CJ E&M Music is a music business brand of CJ E&M, Asia's No.1 entertainment company. CJ E&M Music covers investment, production and distribution of album and also provides the best music festival and concerts. Meet the K-POP artists' brand new music videos and exclusive video clips on the official YouTube of CJ E&M Music.","GB"
"J1L3nDC4mEk","2018-06-14","Wanna One (워너원) - '켜줘 (Light)' M/V","Stone Music Entertainment",10,"Music","2018-06-04","09:00:03","K-CULTURE korean Music MV Music Video K-Pop Kpop 뮤비 뮤직비디오|""Stone Music Entertainment""|""wannaone""|""Wanna One""|""워너원""|""켜줘""|""Light""|""켜줘 MV""|""워너원 뮤비""|""WANNA ONE MV""|""Light MV""|""Light 뮤비""|""라이트 뮤비""|""강다니엘""|""박지훈""|""이대휘""|""김재환""|""옹성우""|""라이관린""|""윤지성""|""황민현""|""배진영""|""하성운""|""UNDIVIDED""",7675202,518490,11075,60820,"https://i.ytimg.com/vi/J1L3nDC4mEk/default.jpg",False,False,False,"♬ Available on iTunes, Apple Music : https://apple.co/2M4mzRm     Listen on Spotify : https://spoti.fi/2JfouVz장밋빛 골든에이지를 향한 비상!Wanna One Special Album 1÷χ=1 (UNDIVIDED)'켜줘(Light)'는 빛이 되어 날 밝혀주는 너의 마음을 채우겠다는 마음과 어떠한 것으로도 나뉠 수 없는 완전한 사랑의 이야기를 담은 곡이다.More About Wanna One @ Official Facebook: https://www.facebook.com/WannaOne.official Official Twitter: https://twitter.com/WannaOne_twt Official Instagram: https://www.instagram.com/wannaone.official Official Post: http://post.naver.com/wannaone_official Official fan cafe: http://cafe.daum.net/WannaOneOfficial","GB"
"sm7_baYCIkQ","2018-01-12","WINNER - ‘하루하루(HARU HARU)’ + ‘REALLY REALLY’ in 2017 SBS Gayodaejun","WINNER",10,"Music","2017-12-25","12:32:39","위너|""WINNER""|""김진우""|""송민호""|""이승훈""|""강승윤""|""FATE NUMBER FOR""|""인기가요""|""fool""",3020386,119010,916,6086,"https://i.ytimg.com/vi/sm7_baYCIkQ/default.jpg",False,False,False,"Copyrightⓒ2017 SBS Contents Hub Co., Ltd. & YG Entertainment Inc. All rights reserved.  WINNER - REALLY REALLY M/V @ https://youtu.be/4tBnF46ybZk  Available on iTunes @ smarturl.it/WINNERFateNumberFor  Available on Apple Music @ smarturl.it/WINNER444  #WINNER #위너 #FATENUMBERFOR #REALLYREALLY #릴리릴리  More about WINNER @  http://www.yg-winner.com/ http://www.facebook.com/OfficialYGWINNER http://www.youtube.com/OfficialYGWINNER http://sptfy.com/OfficialYGWINNER http://weibo.com/winnerasia http://twitter.com/ygent_official","GB"
"d1D1SJ-KqaQ","2018-05-10","WINNER - ‘EVERYDAY’ M/V","WINNER",10,"Music","2018-04-04","09:00:04","위너|""WINNER""|""이승훈""|""송민호""|""김진우""|""강승윤""|""JINU""|""MINO""|""HOONY""|""YOONY""",20622018,598174,12532,58032,"https://i.ytimg.com/vi/d1D1SJ-KqaQ/default.jpg",False,False,False,"#WINNER #위너 #THE2NDALBUM #EVERYD4Y #EVERYDAY #MV #20180404 #6PM #OUTNOW #NEWRELEASE #YGDownload on iTunes @ http://drop.lk/EVERYD4Y_itAvailable on Apple Music @ http://drop.lk/EVERYD4Y_amAvailable on Spotify @ http://drop.lk/EVERYD4YAlbums Available @YG E-SHOP: https://goo.gl/Ef4hGQAmazon US:https://goo.gl/Ff9ub4 Amazon JP:https://goo.gl/ozvZ5m More about WINNER @ http://www.yg-winner.com/http://www.facebook.com/OfficialYGWINNERhttp://www.youtube.com/OfficialYGWINNERhttp://sptfy.com/OfficialYGWINNERhttp://weibo.com/winnerasiahttp://twitter.com/ygent_official","GB"
"IAWI6nMQhQI","2018-06-14","[AXIS] KATIE - Remember","YG ENTERTAINMENT",10,"Music","2018-06-06","09:00:05","KATIE|""Remember""|""AXIS""",2387108,166069,1518,11165,"https://i.ytimg.com/vi/IAWI6nMQhQI/default.jpg",False,False,False,"KATIE - Remember (Official Music Video)[CREDITS]Producer & Creative Director: SINXITY @axis_sinxityArtist: KATIE @katieeeshCreative Direction: 윤정윤, 김민정 @nnoo.yy @highendidolArt Designer: 윤정윤, 김민정, 안중윤, 박소영 @nnoo.yy @highendidol @joong_yoon @so8awayVisual Director: Kylie Fukada @kaori_fukadaMusic Video Director: PARANOID PARADIGM @paranoidparadigmMusic Video Production: VM Project Architecture @vm_projectProject Management: Jessica Choi @jessavotreeGlam: Hitomi Matsuno, Kato, Hiroki Kitada @matsuno71 @katohairmake @hiroki_kitadaStylist: Erica Mimura(TRON) @erica_mimuraMusic Production: KEPLERMusic A&R: Dakyung Lee, Chung Kim @chloe_lee25 @silberio77Special thanks to: 정유희, 장다혜 @yooheechung @daheyjj[CONNECT WITH AXIS]http://axisccp.com/https://www.instagram.com/axisccp/https://www.facebook.com/axisccp/https://www.twitter.com/axisccp/[CONNECT WITH KATIE]https://www.instagram.com/katieeesh/","GB"
"fiGSDywrX1Y","2017-12-17","Zion.T – '눈(SNOW) (feat.이문세)' M/V","YG ENTERTAINMENT",10,"Music","2017-12-04","09:07:03","ZIONT|""자이언티""|""티저""|""김해솔""|""테디""|""안재홍""",2553871,53771,794,2565,"https://i.ytimg.com/vi/fiGSDywrX1Y/default.jpg",False,False,False,"#ZIONT #자이언티 #with #LEEMOONSAE #이문세 #AHNJAEHONG #안재홍 #SNOW #눈 #신곡 #MV #THEBLACKLABEL #더블랙레이블","GB"
"sFLTqo2emQ8","2018-04-07","iKON - ‘고무줄다리기 (RUBBER BAND)’ DANCE PRACTICE VIDEO (MOVING VER.)","iKON",10,"Music","2018-03-07","02:00:13","BOBBY|""SONG""|""JUNE""|""DK""|""CHAN""|""BI""|""iKON""|""바비""|""김바비""|""JAY""",3485395,151782,780,8816,"https://i.ytimg.com/vi/sFLTqo2emQ8/default.jpg",False,False,False,"Download on iTunes : http://smarturl.it/iKON_Rubberband/itunes  Available on Apple Music : http://smarturl.it/iKON_Rubberband/applemusic  smartURL : http://smarturl.it/iKON_Rubberband  #iKON #아이콘 #NEWDIGITALSINGLE #고무줄다리기 #RUBBERBAND #DANCEPRACTICEVIDEO #MOVINGVERSION #안무영상 #무빙버전 #YG  More about iKON @ http://www.yg-ikon.com/ http://www.facebook.com/OfficialYGiKON http://www.youtube.com/OfficialYGiKON http://www.sptfy.com/iKON http://www.weibo.com/iKONOFFICIAL http://www.twitter.com/ygent_official https://itunes.apple.com/artist/ikon/id10445063","GB"
"vecSVX1QYbQ","2018-02-23","iKON - ‘사랑을 했다(LOVE SCENARIO)’ M/V","iKON",10,"Music","2018-01-25","09:00:03","BOBBY|""SONG""|""JUNE""|""DK""|""CHAN""|""BI""|""iKON""|""바비""|""김바비""|""JAY""",29556761,733604,9747,81022,"https://i.ytimg.com/vi/vecSVX1QYbQ/default.jpg",False,False,False,"#iKON #아이콘 #2ndALBUM #Return #TITLE #사랑을했다 #LOVESCENARIO #MV #20180125 #6PM #OUTNOW #NEWRELEASE #YG  Available on iTunes & Apple Music @  http://smarturl.it/iKON_LS  Available on Spotify @ http://smarturl.it/iKON_LS/spotify  Albums Available @  YG E-SHOP: https://goo.gl/LE4wqr Amazon US: https://goo.gl/W7BFSX  Amazon JP: https://goo.gl/MunRjP  More about iKON @ http://www.yg-ikon.com/ http://www.facebook.com/OfficialYGiKON http://www.youtube.com/OfficialYGiKON http://www.sptfy.com/iKON http://www.weibo.com/iKONOFFICIAL http://www.twitter.com/ygent_official https://itunes.apple.com/artist/ikon/id1044506362","GB"
"OK3GJ0WIQ8s","2018-03-06","j-hope 'Daydream (백일몽)' MV","ibighit",10,"Music","2018-03-01","15:00:02","BIGHIT|""빅히트""|""방탄소년단""|""BTS""|""BANGTAN""|""방탄""",23416810,2672433,29088,477233,"https://i.ytimg.com/vi/OK3GJ0WIQ8s/default.jpg",False,False,False,"j-hope 'Daydream (백일몽)'   j-hope's 'Daydream (백일몽)', the first mixtape album is out now.    Get 'Daydream (백일몽)' on: Google: https://bit.ly/2ovoi8m MediaFire: https://bit.ly/2owaKcq Dropbox: https://bit.ly/2GPsNRB    Credits:   Director : YongSeok Choi (Lumpens) Assistant Directors : WonJu Lee (Lumpens) Director of Photography : HyunWoo Nam(GDW) Gaffer : HyunSuk Song (Real Lighting) Art Director : JinSil Park Bona Kim (MU:E)  Produced by Pdogg (Pdogg, j-hope)    BigHit Entertainment. All rights reserved.  Unauthorized reproduction is a violation of applicable laws.  Manufactured by BigHit Entertainment, Seoul, Korea.     Connect with BTS: http://www.ibighit.com  http://twitter.com/BTS_bighit  http://twitter.com/BTS_twt  https://www.facebook.com/ibighit http://www.facebook.com/bangtan.official http://instagram.com/BTS.bighitofficial http://weibo.com/BTSbighit","GB"
"ixxR3ZoqnF0","2017-11-24","BTS (방탄소년단) 'MIC Drop (Steve Aoki Remix)' Official Teaser","ibighit",10,"Music","2017-11-16","15:00:05","BIGHIT|""빅히트""|""방탄소년단""|""BTS""|""BANGTAN""|""방탄""",8484137,1066852,5230,93583,"https://i.ytimg.com/vi/ixxR3ZoqnF0/default.jpg",False,False,False,"BTS (방탄소년단) 'MIC Drop (Steve Aoki Remix)' Official Teaser   'MIC Drop (Steve Aoki Remix)' MV will be released on November 24, 2017.      Connect with BTS: http://www.ibighit.com  http://twitter.com/BTS_bighit  http://twitter.com/BTS_twt  https://www.facebook.com/ibighit/ http://www.facebook.com/bangtan.official http://instagram.com/BTS.bighitofficial http://weibo.com/BTSbighit","GB"
"kTlv5_Bs8aw","2017-12-07","BTS (방탄소년단) 'MIC Drop (Steve Aoki Remix)' Official MV","ibighit",10,"Music","2017-11-24","09:00:02","BIGHIT|""빅히트""|""방탄소년단""|""BTS""|""BANGTAN""|""방탄""",54083634,2960250,57944,556154,"https://i.ytimg.com/vi/kTlv5_Bs8aw/default.jpg",False,False,False,"BTS (방탄소년단) 'MIC Drop (Steve Aoki Remix)' Official MV   Credits:    Music Video by GDW, Directed by Woogie Kim  Producer: Cathy Kim Production Supervisor: Andy Iere Kim  1st AD: Hyesu Han Directing Team Supervisor: Doori Kwak  Director of Photography: Hyunwoo Nam Gaffer: Hyunsuk Song  Art Director: Sangseon Kim VFX Director: Donghoo Yoh    BigHit Entertainment. All rights reserved.  Unauthorized reproduction is a violation of applicable laws.  Manufactured by BigHit Entertainment, Seoul, Korea.     Connect with BTS: http://www.ibighit.com  http://twitter.com/BTS_bighit  http://twitter.com/BTS_twt  https://www.facebook.com/ibighit/ http://www.facebook.com/bangtan.official http://instagram.com/BTS.bighitofficial http://weibo.com/BTSbighit","GB"
"D_6QmL6rExk","2018-06-14","BTS (방탄소년단) 'FAKE LOVE' Official MV (Extended ver.)","ibighit",10,"Music","2018-06-01","15:00:01","BIGHIT|""빅히트""|""방탄소년단""|""BTS""|""BANGTAN""|""방탄""|""fake love""|""FAKE LOVE""",12709520,1817699,11949,156793,"https://i.ytimg.com/vi/D_6QmL6rExk/default.jpg",False,False,False,"BTS (방탄소년단) 'FAKE LOVE' Official MV (Extended ver.)Director : YongSeok Choi (Lumpens)Assistant Director : WonJu Lee, Guzza, HyeJeong Park, MinJe Jeong (Lumpens)Director of Photography : HyunWoo Nam(GDW)Gaffer : HyunSuk Song (Real Lighting)Art Director : JinSil Park Bona Kim (MU:E)Construction Manager : SukKi Song Special Effect : DemolitionBigHit Entertainment. Rights are reserved selectively in the video.Unauthorized reproduction is a violation of applicable laws. Manufactured by BigHit Entertainment, Seoul, KoreaConnect with BTS:http://www.ibighit.com http://twitter.com/BTS_bighit http://twitter.com/BTS_twt https://www.facebook.com/ibighit/http://www.facebook.com/bangtan.officialhttp://instagram.com/BTS.bighitofficialhttp://weibo.com/BTSbighitBU content certified by Big Hit Entertainment","GB"
"8O_MwlZ2dEg","2018-04-05","j-hope 'Airplane' MV","ibighit",10,"Music","2018-03-06","15:00:10","BIGHIT|""빅히트""|""방탄소년단""|""BTS""|""BANGTAN""|""방탄""",15635625,1841936,12330,183567,"https://i.ytimg.com/vi/8O_MwlZ2dEg/default.jpg",False,False,False,"j-hope 'Airplane' MV    j-hope - 'Hope World' Full Mixtape Download Google: https://bit.ly/2ovoi8m MediaFire: https://bit.ly/2owaKcq Dropbox: https://bit.ly/2GPsNRBv    Credit:   Music Video  Produced by GDW Executive Producer : Cathy Kim Producer : Andow Production Coordinator : Dooho Kwak  Director : Woogie Kim Assistant Director : Changhwi Choi, Hyesu Han Production Assistant : Bonseung Koo DIT : Andy Iere Kim  Director of Photography : Hyunwoo Nam Focus Puller : Siu Um 2nd AC : Seungchul Shin 3rd AC : Wesley Chang  Jimmy Jib Operator : Gwangho Song  Gaffer : Hyeonseok Song  Location Manager : Tae Heon Kim (Lo-Fi)    Music   Produced by j-hope, Supreme Boi (j-hope, Supreme Boi)     BigHit Entertainment. All rights reserved.  Unauthorized reproduction is a violation of applicable laws.  Manufactured by BigHit Entertainment, Seoul, Korea.     Connect with BTS: http://www.ibighit.com  http://twitter.com/BTS_bighit  http://twitter.com/BTS_twt  https://www.facebook.com/ibighit http://www.facebook.com/bangtan.official http://instagram.com/BTS.bighitofficial http://weibo.com/BTSbighit","GB"
"kX0vO4vlJuU","2018-05-06","BTS (방탄소년단) 'Euphoria : Theme of LOVE YOURSELF 起 Wonder'","ibighit",10,"Music","2018-04-05","15:00:05","BIGHIT|""빅히트""|""방탄소년단""|""BTS""|""BANGTAN""|""방탄""",20721039,2250087,20951,234455,"https://i.ytimg.com/vi/kX0vO4vlJuU/default.jpg",False,False,False,"BTS (방탄소년단) 'Euphoria : Theme of LOVE YOURSELF 起 Wonder'credits:Director : YongSeok Choi (Lumpens)Assistant Director : WonJu Lee (Lumpens)Director of Photography : HyunWoo Nam(GDW)Gaffer : HyunSuk Song (Real Lighting)Art Director : JinSil Park Bona Kim (MU:E)Producer : Emma SungEun Kim (GE Production)BigHit Entertainment. Rights are reserved selectively in the video.Unauthorized reproduction is a violation of applicable laws. Manufactured by BigHit Entertainment, Seoul, KoreaConnect with BTS:http://www.ibighit.comhttp://weibo.com/BTSbighithttp://twitter.com/BTS_bighithttp://twitter.com/BTS_twthttps://www.facebook.com/ibighit/http://www.facebook.com/bangtan.officialhttp://instagram.com/BTS.bighitofficialBU content certified by Big Hit Entertainment","GB"
"7C2z4GqqS5E","2018-06-01","BTS (방탄소년단) 'FAKE LOVE' Official MV","ibighit",10,"Music","2018-05-18","09:00:02","BIGHIT|""빅히트""|""방탄소년단""|""BTS""|""BANGTAN""|""방탄""|""FAKE LOVE""|""FAKE_LOVE""|""fake love""",123010920,5613827,206892,1228655,"https://i.ytimg.com/vi/7C2z4GqqS5E/default.jpg",False,False,False,"BTS (방탄소년단) 'FAKE LOVE' Official MVDirector : YongSeok Choi (Lumpens)Assistant Director : WonJu Lee, Guzza, HyeJeong Park, MinJe Jeong (Lumpens)Director of Photography : HyunWoo Nam(GDW)Gaffer : HyunSuk Song (Real Lighting)Art Director : JinSil Park Bona Kim (MU:E)Construction Manager : SukKi Song Special Effect : DemolitionBigHit Entertainment. Rights are reserved selectively in the video.Unauthorized reproduction is a violation of applicable laws. Manufactured by BigHit Entertainment, Seoul, KoreaConnect with BTS:http://www.ibighit.com http://twitter.com/BTS_bighit http://twitter.com/BTS_twt https://www.facebook.com/ibighit/http://www.facebook.com/bangtan.officialhttp://instagram.com/BTS.bighitofficialhttp://weibo.com/BTSbighitBU content certified by Big Hit Entertainment","GB"
"rRzxEiBLQCA","2017-12-24","TWICE Heart Shaker M/V","jypentertainment",10,"Music","2017-12-11","08:59:59","TWICE Heart Shaker|""TWICE 하트셰이커""|""트와이스 Heart Shaker""|""트와이스 하트셰이커""|""Heart Shaker""|""하트셰이커""|""TWICE""|""트와이스""|""Heart Shaker M/V""|""Heart Shaker MV""|""Heart Shaker Music Video""|""Heart Shaker 뮤직비디오""|""Heart Shaker 뮤비""|""하트셰이커 M/V""|""하트셰이커 MV""|""하트셰이커 뮤직비디오""|""하트셰이커 뮤비""|""하트셰이커 Music Video""|""TWICE M/V""|""TWICE MV""|""TWICE Music Video""|""TWICE 뮤직비디오""|""TWICE 뮤비""|""트와이스 M/V""|""트와이스 MV""|""트와이스 Music Video""|""트와이스 뮤직비디오""|""트와이스 뮤비""|""TWICE Merry Happy""|""트와이스 Merry Happy""|""트와이스 메리 해피""|""Merry Happy""|""Merry & Happy""|""메리해피""",55754734,1052809,103994,169779,"https://i.ytimg.com/vi/rRzxEiBLQCA/default.jpg",False,False,False,"TWICE(트와이스) Heart Shaker M/V  The 1st Album : Repackage Merry & Happy iTunes & Apple Music https://itunes.apple.com/album/merry-happy/1323890122  TWICE Official YouTube: http://www.youtube.com/c/TWICEonAir TWICE Official Facebook: http://www.facebook.com/JYPETWICE TWICE Official Twitter: http://www.twitter.com/JYPETWICE TWICE Official Instagram: http://www.instagram.com/TWICETAGRAM TWICE Official Homepage: http://TWICE.jype.com TWICE Official Fan's: http://fans.jype.com/TWICE  ⓒ 2017 JYP Entertainment. All Rights Reserved","GB"
"sS0LCjOiIhc","2018-04-07","GOT7 Look M/V","jypentertainment",10,"Music","2018-03-12","09:00:02","JYP Entertainment|""JYP""|""GOT7""|""갓세븐""|""GOT7 JB""|""GOT7 잭슨""|""GOT7 진영""|""GOT7 유겸""|""GOT7 영재""|""GOT7 마크""|""GOT7 뱀뱀""|""GOT7 Jackson""|""GOT7 Jinyoung""|""GOT7 Yugyeom""|""GOT7 Youngjae""|""GOT7 Mark""|""GOT7 BamBam""|""갓세븐 JB""|""갓세븐 잭슨""|""갓세븐 진영""|""갓세븐 유겸""|""갓세븐 영재""|""갓세븐 마크""|""갓세븐 뱀뱀""|""JB""|""잭슨""|""진영""|""유겸""|""영재""|""마크""|""뱀뱀""|""Jackson""|""Jinyoung""|""Yugyeom""|""Youngjae""|""Mark""|""BamBam""|""갓세븐 뮤비""|""GOT7 Look""|""갓세븐 룩""|""갓세븐 look""|""Look""|""룩""|""룩 뮤비""|""got7 mv""|""look mv""|""look music video""|""eyes on you""|""아이즈온유""|""got7 eyes on you""|""got7 music video""|""got7 look mv""",31391976,1091118,11924,234054,"https://i.ytimg.com/vi/sS0LCjOiIhc/default.jpg",False,False,False,"GOT7(갓세븐) Look M/V  Find GOT7 Eyes On You on iTunes & Apple Music: https://itunes.apple.com/us/album/eyes-on-you-ep/1358097851  [GOT7 Official]  http://got7.jype.com https://www.youtube.com/c/GOT7 http://www.facebook.com/GOT7Official http://www.twitter.com/GOT7Official http://instagram.com/got7.with.igot7 http://fans.jype.com/GOT7  Copyrights 2018 ⓒ JYP Entertainment. All Rights Reserved","GB"
"lpzJNwur6Zk","2018-02-27","SUZY (수지) 'HOLIDAY (Feat. DPR LIVE)' M/V","jypentertainment",10,"Music","2018-01-29","09:00:04","JYP Entertainment|""JYP""",4336590,127904,3485,7672,"https://i.ytimg.com/vi/lpzJNwur6Zk/default.jpg",False,False,False,"SUZY (수지) 'HOLIDAY (Feat. DPR LIVE)' M/V  1.29 MON 6PM HOLIDAY (Feat. DPR LIVE) : https://melon.do/IkaJIbs2J 1.22 MON 6PM 다른사람을 사랑하고 있어 : https://melon.do/ybJQM96sJ  Suzy Official Twitter: https://twitter.com/jypesuzy Suzy Official Facebook: http://www.facebook.com/JYPESuzy Suzy Official Fan's: http://fans.jype.com/Suzy Suzy Official Homepage: http://suzy.jype.com JYPnation Official Twitter: http://www.twitter.com/jypnation  Copyrights 2018 ⓒ JYP Entertainment. All Rights Reserved.","GB"
"zi_6oaQyckM","2018-01-09","TWICE Merry & Happy M/V","jypentertainment",10,"Music","2017-12-22","03:00:02","TWICE Merry & Happy|""TWICE Merry Happy""|""TWICE 메리앤해피""|""트와이스 Merry & Happy""|""트와이스 Merry Happy""|""트와이스 메리앤해피""|""Merry & Happy""|""Merry and Happy""|""Merry&Happy""|""메리앤해피""|""메리해피""|""메리 & 해피""|""메리앤드해피""|""매리앤해피""|""TWICE""|""트와이스""|""Merry & Happy M/V""|""Merry & Happy MV""|""Merry & Happy Music Video""|""Merry & Happy 뮤직비디오""|""Merry & Happy 뮤비""|""메리앤해피 M/V""|""메리앤해피 MV""|""메리앤해피 뮤직비디오""|""메리앤해피 뮤비""|""Heart Shaker""|""하트셰이커""|""TWICE M/V""|""TWICE MV""|""TWICE Music Video""|""TWICE 뮤비""|""트와이스 M/V""|""트와이스 MV""|""트와이스 뮤직비디오""|""트와이스 뮤비""|""JYP""|""TWICE carol""",8903489,371240,19952,22822,"https://i.ytimg.com/vi/zi_6oaQyckM/default.jpg",False,False,False,"TWICE(트와이스) Merry & Happy M/V  The 1st Album : Repackage Merry & Happy iTunes & Apple Music https://itunes.apple.com/album/merry-happy/1323890122  TWICE Official YouTube: http://www.youtube.com/c/TWICEonAir TWICE Official Facebook: http://www.facebook.com/JYPETWICE TWICE Official Twitter: http://www.twitter.com/JYPETWICE TWICE Official Instagram: http://www.instagram.com/TWICETAGRAM TWICE Official Homepage: http://TWICE.jype.com TWICE Official Fan's: http://fans.jype.com/TWICE  ⓒ 2017 JYP Entertainment. All Rights Reserved","GB"
"MPhAEcLaiNs","2017-12-11","GOT7 Teenager” Performance Video","jypentertainment",10,"Music","2017-12-06","15:00:01","JYP Entertainment|""JYP""|""GOT7""|""갓세븐""|""GOT7 JB""|""GOT7 잭슨""|""GOT7 진영""|""GOT7 유겸""|""GOT7 영재""|""GOT7 마크""|""GOT7 뱀뱀""|""GOT7 Jackson""|""GOT7 Jinyoung""|""GOT7 Yugyeom""|""GOT7 Youngjae""|""GOT7 Mark""|""GOT7 BamBam""|""갓세븐 JB""|""갓세븐 잭슨""|""갓세븐 진영""|""갓세븐 유겸""|""갓세븐 영재""|""갓세븐 마크""|""갓세븐 뱀뱀""|""JB""|""잭슨""|""진영""|""유겸""|""영재""|""마크""|""뱀뱀""|""Jackson""|""Jinyoung""|""Yugyeom""|""Youngjae""|""Mark""|""BamBam""|""7 for 7""|""GOT7 7 for 7""|""갓세븐 7 for 7""|""갓세븐 유아""|""갓세븐 뮤비""|""틴에이저""|""Teenager""|""GOT7 Teenager""|""갓세븐 틴에이저""|""틴에이저 뮤비""|""Teenager MV""|""틴에이저 퍼포먼스""|""Teenager Performance""",2709257,313108,1358,20778,"https://i.ytimg.com/vi/MPhAEcLaiNs/default.jpg",False,False,False,"GOT7 Teenager” Performance Video    Find GOT7 7 for 7 on iTunes & Apple Music: https://itunes.apple.com/us/album/7-for-7/id1294538683  GOT7 Official YouTube: https://www.youtube.com/c/GOT7 GOT7 Official Facebook: http://www.facebook.com/GOT7Official GOT7 Official Twitter: http://www.twitter.com/GOT7Official GOT7 Official Instagram: https://instagram.com/got7.with.igot7 GOT7 Official Fan's: http://fans.jype.com/GOT7 GOT7 Official Homepage: http://got7.jype.com  Copyrights 2017 ⓒ JYP Entertainment. All Rights Reserved.","GB"
"2MiQonPvlVM","2018-06-14","Yubin 숙녀 (淑女) M/V","jypentertainment",10,"Music","2018-06-05","09:00:01","JYP Entertainment|""JYP""|""Yubin""|""유빈""|""First Solo""|""유빈 솔로""|""숙녀""|""Lady""|""도시여자""|""도시애""|""시티팝""|""music video""|""mv""|""choreography""|""choreography video""|""teaser""|""티저""|""뮤비 티저""|""MV teaser""|""유빈 티저""|""yubin teaser""|""yubin solo""|""yubin lady""|""유빈 숙녀""|""yubin debut""|""유빈 음원""|""유빈 뮤비""|""yubin mv""|""유빈 mv""|""유빈 뮤직비디오""|""숙녀 뮤직비디오""|""숙녀 뮤비""|""lady mv""|""yubin lady mv""|""#유빈""|""#Yubin""|""#都市女子""|""#도시여자""|""#숙녀""|""#淑女""|""#JYP""|""#김유빈""|""#안무연습영상""|""#안무""|""#군무""|""#춤선""|""#춤""|""#하우헤브유빈""|""#인천공항""|""#LA""|""#걸그러쉬""|""#첫방""|""#비글""|""#랜선데이트""|""#라이브""|""#댄스""|""#네이버""|""#브이""|""#생중계""|""#음원""|""#뮤직비디오""",2361405,90036,3970,10271,"https://i.ytimg.com/vi/2MiQonPvlVM/default.jpg",False,False,False,"Yubin 숙녀 (淑女) M/VSpotify https://goo.gl/4FqgtyiTunes & Apple Music https://goo.gl/7fUFz2Google Play Music https://goo.gl/peqL31[Yubin Official] http://yubin.jype.comhttps://www.youtube.com/c/YubinOfficialhttp://www.facebook.com/YubinOfficialhttp://www.twitter.com/YubinOfficialhttp://fans.jype.com/YubinCopyrights 2018 ⓒ JYP Entertainment. All Rights Reserved","GB"
"i0p1bmr0EmE","2018-05-14","TWICE What is Love? M/V","jypentertainment",10,"Music","2018-04-09","08:59:51","TWICE What is Love|""TWICE What is Love?""|""TWICE 왓이즈러브""|""트와이스 왓이즈러브""|""트와이스 What is Love""|""What is Love?""|""What is Love""|""왓이즈러브""|""웟이즈러브""|""What's Love""|""왓츠러브""|""TWICE What's Love""|""트와이스 What's Love""|""트와이스 왓츠러브""|""TWICE""|""트와이스""|""What is Love M/V""|""What is Love MV""|""What is Love Music Video""|""What is Love 뮤비""|""What is Love 뮤직비디오""|""TWICE M/V""|""TWICE MV""|""TWICE Music Video""|""TWICE 뮤비""|""TWICE 뮤직비디오""|""트와이스 M/V""|""트와이스 MV""|""트와이스 Music Video""|""트와이스 뮤비""|""트와이스 뮤직비디오""|""박진영""|""JYP""|""트와이스 남장""|""트와이스 영화 패러디""",98250935,1461215,133068,274087,"https://i.ytimg.com/vi/i0p1bmr0EmE/default.jpg",False,False,False,"TWICE(트와이스) What is Love? M/VSpotify https://goo.gl/jVLYYYiTunes & Apple Music https://goo.gl/DKyKZfGoogle Music https://goo.gl/DxAtPdTWICE Official YouTube: http://www.youtube.com/c/TWICEonAirTWICE Official Facebook: http://www.facebook.com/JYPETWICETWICE Official Twitter: http://www.twitter.com/JYPETWICETWICE Official Instagram: http://www.instagram.com/TWICETAGRAMTWICE Official Homepage: http://TWICE.jype.comTWICE Official Fan's: http://fans.jype.com/TWICEⓒ 2018 JYP Entertainment. All Rights Reserved","GB"
"Xo8FPXlI3CU","2018-01-26","Stray Kids 어린 날개 Performance Video","jypentertainment",10,"Music","2018-01-15","15:00:03","Stray Kids|""스트레이 키즈""|""방찬""|""김우진""|""이민호""|""서창빈""|""황현진""|""한지성""|""필릭스""|""김승민""|""양정인""|""찬""|""우진""|""민호""|""창빈""|""현진""|""지성""|""FELIX""|""승민""|""정인""|""BANGCHAN""|""KIMWOOJIN""|""LEEMINHO""|""SEOCHANGBIN""|""HWANGHYUNJIN""|""HANJISUNG""|""KIMSEUNGMIN""|""YANGJEONGIN""|""CHAN""|""WOOJIN""|""MINHO""|""CHANGBIN""|""HYUNJIN""|""JISUNG""|""Stray Kids teaser""|""Stray Kids 티저""|""스트레이 키즈 teaser""|""스트레이 키즈 티저""|""Mixtape""|""Hellevator""|""어린 날개""|""Spread My Wings""|""믹스테이프""|""헬리베이터""|""Stray Kids 어린 날개""|""Stray Kids Spread My Wings""|""스트레이 키즈 어린 날개""|""Stray Kids Performance Video""|""Stray Kids 퍼포먼스 비디오""|""스트레이 키즈 퍼포먼스 비디오""|""JYP""|""JYP Entertainment""",2091614,180444,1051,10995,"https://i.ytimg.com/vi/Xo8FPXlI3CU/default.jpg",False,False,False,"Stray Kids 어린 날개 Performance Video  Find Stray Kids Mixtape on iTunes & Apple Music:  https://itunes.apple.com/us/album/mixtape/1332554816  Stray Kids Official YouTube: https://www.youtube.com/c/StrayKids Stray Kids Official Facebook: https://www.facebook.com/JYPEStrayKids/ Stray Kids Official Twitter: https://twitter.com/Stray_Kids Stray Kids Official Fan's : https://fans.jype.com/StrayKids  Copyrights 2018 ⓒ JYP Entertainment. All Rights Reserved.","GB"
"Sy3ERg7OCWo","2018-01-17","Stray Kids Grrr 총량의 법칙 Performance Video","jypentertainment",10,"Music","2018-01-08","03:00:02","Stray Kids|""스트레이 키즈""|""방찬""|""김우진""|""이민호""|""서창빈""|""황현진""|""한지성""|""필릭스""|""김승민""|""양정인""|""찬""|""우진""|""민호""|""창빈""|""현진""|""지성""|""FELIX""|""승민""|""정인""|""BANGCHAN""|""KIMWOOJIN""|""LEEMINHO""|""SEOCHANGBIN""|""HWANGHYUNJIN""|""HANJISUNG""|""KIMSEUNGMIN""|""YANGJEONGIN""|""CHAN""|""WOOJIN""|""MINHO""|""CHANGBIN""|""HYUNJIN""|""JISUNG""|""Stray Kids teaser""|""Stray Kids 티저""|""스트레이 키즈 teaser""|""스트레이 키즈 티저""|""Mixtape""|""Hellevator""|""Grrr 총량의 법칙""|""총량의 법칙""|""BEWARE""|""믹스테이프""|""헬리베이터""|""Stray Kids Grrr 총량의 법칙""|""스트레이 키즈 Grrr 총량의 법칙""|""Stray Kids 퍼포먼스 비디오""|""스트레이 키즈 퍼포먼스 비디오""",2536670,252419,3006,22101,"https://i.ytimg.com/vi/Sy3ERg7OCWo/default.jpg",False,False,False,"Stray Kids Grrr 총량의 법칙 Performance Video  Find Stray Kids Mixtape on iTunes & Apple Music:  https://itunes.apple.com/us/album/mixtape/1332554816  Stray Kids Official YouTube: https://www.youtube.com/c/StrayKids Stray Kids Official Facebook: https://www.facebook.com/JYPEStrayKids/ Stray Kids Official Twitter: https://twitter.com/Stray_Kids Stray Kids Official Fan's : https://fans.jype.com/StrayKids  Copyrights 2018 ⓒ JYP Entertainment. All Rights Reserved.","GB"
"A70B_LKyOrU","2018-03-14","GOT7 One And Only You (Feat. Hyolyn) Special Video","jypentertainment",10,"Music","2018-02-28","09:00:00","JYP|""JB""|""마크""|""잭슨""|""진영""|""영재""|""뱀뱀""|""유겸""|""GOT7""|""갓세븐""|""mark""|""jackson""|""jingyoung""|""youngjae""|""bambam""|""yugyeom""|""제이비""|""갓세븐유아""|""유아""|""youare""|""you are""|""갓세븐 제이비""|""갓세븐 마크""|""갓세븐 잭슨""|""갓세븐 진영""|""갓세븐 영재""|""갓세븐 뱀뱀""|""갓세븐 유겸""|""got7 jb""|""got7 mark""|""got7 jackson""|""got7 jinyoung""|""got7 bambam""|""got7 yugyeom""|""너하나만""|""효린""|""One and Only You""|""갓세븐 너하나만""|""효린 너하나만""|""GOT7 One and only you""|""hyolyn""|""eyes on you""|""갓세븐 룩""|""got7 look""|""look""|""룩""|""아이즈온유""|""갓세븐 효린""|""got7 효린""|""갓세븐 콜라보""|""갓세븐 효린 너하나만""|""너하나만 뮤비""|""너하나만 스페셜비디오""|""너하나만 티저""|""one and only you mv""",5050120,421599,1861,22116,"https://i.ytimg.com/vi/A70B_LKyOrU/default.jpg",False,False,False,"GOT7 One And Only You (Feat. Hyolyn) Special Video  Find GOT7 Eyes On You on iTunes & Apple Music: https://itunes.apple.com/us/album/eyes-on-you-ep/1358097851  [GOT7 Official]  http://got7.jype.com https://www.youtube.com/c/GOT7 http://www.facebook.com/GOT7Official http://www.twitter.com/GOT7Official http://instagram.com/got7.with.igot7 http://fans.jype.com/GOT7  Copyrights 2018 ⓒ JYP Entertainment. All Rights Reserved","GB"
"TSA9VZduuZ4","2018-05-01","[MV] 몬스타엑스(MONSTA X) - JEALOUSY","starshipTV",10,"Music","2018-03-26","09:00:01","MONSTA X|""몬스타엑스""|""JEALOUSY""|""KPOP""|""IDOL""|""HALLYU""|""젤러시""|""컴백""|""STARSHIP""|""SHOWNU""|""KIHYUN""|""I.M""|""IM""|""HYUNGWON""|""WONHO""|""MINHYUK""|""JOOHEON""|""셔누""|""기현""|""아이엠""|""민혁""|""원호""|""형원""|""주헌""|""NEW SONG""|""THE CONNECT""|""몬베베""|""DEJAVU""|""MONBEBE""|""질투""|""드라마라마""|""DRAMARAMA""|""MONSTA X JEALOUSY""|""스타쉽엔터테인먼트""|""스타쉽""|""STARSHIP ENT""|""BOY GROUP""|""남돌""|""짐승돌""|""이세돌""|""몬스타엑스 JEALOUSY""|""몬스타엑스 젤러시""|""MONSTA X 젤러시""",7604626,413254,2207,56460,"https://i.ytimg.com/vi/TSA9VZduuZ4/default.jpg",False,False,False,"iTunes Download: https://itunes.apple.com/album/the-connect-dejavu/1363908503?l=ko&ls=1&app=itunes  Artist: MONSTA X (몬스타엑스) Album: THE CONNECT Release: 2018.03.26  ▶More information  MONSTA X Official Fan cafe : http://cafe.daum.net/monsta-x MONSTA X Official Twitter : http://www.twitter.com/OfficialMonstaX MONSTA X Official Facebook : http://www.facebook.com/OfficialMonstaX MONSTA X Official Weibo : http://www.weibo.com/monstax  #몬스타엑스 #MONSTAX #MONSTA_X #JEALOUSY","GB"
"STEUAcTmXTg","2018-03-15","[MIXTAPE] I.M - Fly With Me (MV)","starshipTV",10,"Music","2018-02-20","12:00:01","몬스타엑스|""몬엑""|""몬베베""|""티저""|""뮤비""|""믹스테잎""|""아이엠""|""플라이위드미""|""셔누""|""원호""|""민혁""|""기현""|""형원""|""주헌""|""monstax""|""mx""|""mxmb""|""monbebe""|""teaser""|""mv""|""mixtape""|""i.m""|""im""|""flywithme""|""shownu""|""wonho""|""minhyuk""|""kihyun""|""hyungwon""|""jooheon""|""DRAMARAMA""|""드라마라마""|""아름다워""|""BEAUTIFUL""|""I.M FLY WITH ME""|""아이엠 플라이 윗 미""|""아이엠 FLY WITH ME""|""WOOKI""|""CODA CREW""|""코다크루""|""샤인포에버""|""SHINE FOREVER""|""샤인포레버""|""내게와 심석희""",1262612,161416,440,12661,"https://i.ytimg.com/vi/STEUAcTmXTg/default.jpg",False,False,False,"스타쉽 엔터테인먼트 STARSHIP ENTERTAINMENT Artist : 몬스타엑스(MONSTA X) I.M Song : Fly With Me Release date : 2018.02.20  ▶ 몬스타엑스(MONSTA X) Official SNS MONSTA X Official Fan cafe : http://cafe.daum.net/monsta-x MONSTA X Official Twitter : http://www.twitter.com/OfficialMonstaX MONSTA X Official Weibo : http://www.weibo.com/monstax MONSTA X Official Facebook : http://www.facebook.com/OfficialMonstaX","GB"
"r1afdZk0qcI","2017-11-19","[MV] 몬스타엑스(MONSTA X) - DRAMARAMA","starshipTV",10,"Music","2017-11-07","09:00:05","kpop|""starship""|""loen""|""뮤비""|""스타쉽""|""티져""|""teaser""|""신곡""|""new""|""song""|""한류""|""hallyu""|""아이돌""|""idol""|""몬스타엑스""|""MONSTA X""|""컴백""|""comeback""|""더코드""|""the code""|""protocol terminal""|""monsta x mv""|""DRAMARAMA""|""MONSTA X BEAUTIFUL""|""MONSTA X HERO""|""MONSTA X FIGHTER""|""MONSTA X MINHYUK""|""MONSTA X SHOWNU""|""MONSTA X KIHYUN""|""MONSTA X WONHO""|""MONSTA X IM""|""MONSTA X JOOHEON""|""몬엑""|""몬스타엑스 셔누""|""몬스타엑스 주헌""|""몬스타엑스 민혁""|""몬스타엑스 원호""|""몬스타엑스 형원""|""몬스타엑스 기현""|""몬스타엑스 아이엠""|""MONSTA X TRESSPASS""|""무단침입""|""몬스타엑스 걸어""|""MONSTA X HYUNGWON""|""드라마라마""|""몬스타엑스 드라마라마""",5322710,374892,2184,36004,"https://i.ytimg.com/vi/r1afdZk0qcI/default.jpg",False,False,False,"iTunes Download ▶ https://itunes.apple.com/album/the-code/1308906863?l=ko&ls=1&app=itunes  ▶More information  MONSTA X Official Fan cafe : http://cafe.daum.net/monsta-x MONSTA X Official Twitter : http://www.twitter.com/OfficialMonstaX MONSTA X Official Facebook : http://www.facebook.com/OfficialMonstaX MONSTA X Official Weibo : http://www.weibo.com/monstax","GB"
"wJ7ffCNtCKE","2017-12-27","[MV] 소유(SOYOU) - 기우는 밤(The Night)","starshipTV",10,"Music","2017-12-13","09:00:02","K POP|""LOEN""|""STARSHIP""|""LOEN ENTERTAINMENT""|""SISTAR""|""GIRL GROUP""|""SISTAR SOYOU""|""SOYOU""|""THE NIGHT""|""소유""|""기우는 밤""|""소유 기우는 밤""|""소유 신곡""|""소유 솔로 앨범""|""소유 솔로""|""소유 솔로곡""|""신곡""|""STARSHIP ENTERTAINMENT SO YOU""|""RE:BORN""|""REBORN""|""SOYOU REBORN""|""SOYOU SOLO""|""소유 리본""|""소유 REBORN""|""소유 타이틀 곡""|""TOUCH MY BODY""|""SISTAR LONELY""|""LONELY""|""BALLAD""|""MV""|""뮤직비디오""|""뮤비""|""Music Video""|""제주도의 푸른 밤""|""뻔한 이별""|""I STILL""|""스타쉽""|""스타쉽 엔터테인먼트""|""기우는밤""|""기우는밤 소유""|""프라이머리""|""긱스""",144189,11580,99,647,"https://i.ytimg.com/vi/wJ7ffCNtCKE/default.jpg",False,False,False,"iTunes Download ▶ https://itunes.apple.com/album/re-born-ep/1324951206?l=ko&ls=1&app=itunes  ▶More Information -Official Twitter : https://twitter.com/official_soyou -Official Facebook : https://www.facebook.com/OfficialSoyou -Official Fancafe : http://cafe.daum.net/OfficialSoyou -Official WEIBO : http://weibo.com/officialsoyou -Official V LIVE : http://channels.vlive.tv/D9D4AB/video -Official INSTAGRAM : https://www.instagram.com/official_soyou","GB"
"Oyf5o1zWMd0","2018-05-10","여자친구 GFRIEND - 밤 (Time For The Moon Night) M/V","여자친구 GFRIEND OFFICIAL",10,"Music","2018-04-30","09:00:03","여자친구|""gfriend""|""소원""|""예린""|""은하""|""유주""|""신비""|""엄지""|""sowon""|""yerin""|""eunha""|""yuju""|""sinb""|""umji""|""밤""|""time for the moon night""|""뮤직비디오""|""mv""|""music video""",1552678,128812,2599,13318,"https://i.ytimg.com/vi/Oyf5o1zWMd0/default.jpg",False,False,False,"#여자친구 #GFRIEND #밤 #Time_For_The_Moon_NightGFRIEND 여자친구 facebook: http://www.facebook.com/gfrdofficialGFRIEND 여자친구 twitter: http://twitter.com/gfrdofficialGFRIEND 여자친구 instagram: http://instagram.com/gfriendofficialGFRIEND 여자친구 official fancafe: http://cafe.daum.net/gfrdofficial","GB"
